ideCadastro	condicao	matricula	idParlamentar	nome	nomeParlamentar	urlFoto	sexo	uf	partido	gabinete	fone	email	none
191684	Suplente	554	5830846	ROSANGELA APARECIDA DA SILVA BARROS	ROSÂNGELA CURADO	http://www.camara.gov.br/internet/deputado/bandep/191684.jpg	feminino	MA	PDT	405	3215-5405	dep.rosangelacurado@camara.gov.br	
191923	Suplente	556	5830848	FLAVIO RODRIGUES NOGUEIRA	FLAVIO NOGUEIRA	http://www.camara.gov.br/internet/deputado/bandep/191923.jpg	masculino	PI	PDT	811	3215-5811	dep.flavionogueira@camara.gov.br	
74103	Suplente	555	5830847	FRANCISCO ARIOSTO HOLANDA	ARIOSTO HOLANDA	http://www.camara.gov.br/internet/deputado/bandep/74103.jpg	masculino	CE	PROS	940	3215-5940	dep.ariostoholanda@camara.gov.br	
191945	Suplente	557	5830849	JOSÉ AUGUSTO NALIN	ZÉ AUGUSTO NALIN	http://www.camara.gov.br/internet/deputado/bandep/191945.jpg	masculino	RJ	PMDB	475	3215-5475	dep.zeaugustonalin@camara.gov.br	
141517	Suplente	560	5830852	PAULO HENRIQUE ELLERY LUSTOSA DA COSTA	PAULO HENRIQUE LUSTOSA	http://www.camara.gov.br/internet/deputado/bandep/141517.jpg	masculino	CE	PP	335	3215-5335	dep.paulohenriquelustosa@camara.gov.br	
74856	Suplente	558	5830850	MARIA LAURA MONTEZA DE SOUZA CARNEIRO	LAURA CARNEIRO	http://www.camara.gov.br/internet/deputado/bandep/74856.jpg	feminino	RJ	PMDB	437	3215-5437	dep.lauracarneiro@camara.gov.br	
192120	Suplente	559	5830851	ANGELA ALBINO	ANGELA ALBINO	http://www.camara.gov.br/internet/deputado/bandep/192120.jpg	feminino	SC	PCdoB	609	3215-5609	dep.angelaalbino@camara.gov.br	
178980	Titular	361	5830382	ANTONIO GOULART DOS REIS	GOULART	http://www.camara.gov.br/internet/deputado/bandep/178980.jpg	masculino	SP	PSD	533	3215-5533	dep.goulart@camara.gov.br	
141335	Titular	19	5830714	JOSÉ ROBERTO OLIVEIRA FARO	BETO FARO	http://www.camara.gov.br/internet/deputado/bandep/141335.jpg	masculino	PA	PT	723	3215-5723	dep.betofaro@camara.gov.br	
141531	Titular	268	5830453	RODRIGO BATISTA DE CASTRO	RODRIGO DE CASTRO	http://www.camara.gov.br/internet/deputado/bandep/141531.jpg	masculino	MG	PSDB	701	3215-5701	dep.rodrigodecastro@camara.gov.br	
141478	Titular	412	5830785	LAERTE RODRIGUES DE BESSA	LAERTE BESSA	http://www.camara.gov.br/internet/deputado/bandep/141478.jpg	masculino	DF	PR	340	3215-5340	dep.laertebessa@camara.gov.br	
178826	Titular	368	5830405	SERGIO OLIMPIO GOMES	MAJOR OLIMPIO	http://www.camara.gov.br/internet/deputado/bandep/178826.jpg	masculino	SP	PDT	279	3215-5279	dep.majorolimpio@camara.gov.br	
160510	Titular	251	5830737	LUIS HENRIQUE DE OLIVEIRA RESENDE	LUIS TIBÉ	http://www.camara.gov.br/internet/deputado/bandep/160510.jpg	masculino	MG	PTdoB	632	3215-5632	dep.luistibe@camara.gov.br	
178927	Titular	441	5830336	ALIEL MACHADO BARK	ALIEL MACHADO	http://www.camara.gov.br/internet/deputado/bandep/178927.jpg	masculino	PR	REDE	480	3215-5480	dep.alielmachado@camara.gov.br	
73531	Titular	359	5830668	IVAN VALENTE	IVAN VALENTE	http://www.camara.gov.br/internet/deputado/bandep/73531.jpg	masculino	SP	PSOL	716	3215-5716	dep.ivanvalente@camara.gov.br	
74812	Titular	428	5830691	PEDRO PINHEIRO CHAVES	PEDRO CHAVES	http://www.camara.gov.br/internet/deputado/bandep/74812.jpg	masculino	GO	PMDB	406	3215-5406	dep.pedrochaves@camara.gov.br	
159237	Titular	111	5830359	FRANCISCO DE ASSIS CARVALHO GONÇALVES	ASSIS CARVALHO	http://www.camara.gov.br/internet/deputado/bandep/159237.jpg	masculino	PI	PT	909	3215-5909	dep.assiscarvalho@camara.gov.br	
178915	Titular	141	5830545	HEBERTE LAMARCK GOMES DA SILVA	BETINHO GOMES	http://www.camara.gov.br/internet/deputado/bandep/178915.jpg	masculino	PE	PSDB	269	3215-5269	dep.betinhogomes@camara.gov.br	
178993	Titular	60	5830622	CARLOS HENRIQUE AMORIM	CARLOS HENRIQUE GAGUIM	http://www.camara.gov.br/internet/deputado/bandep/178993.jpg	masculino	TO	PMDB	222	3215-5222	dep.carloshenriquegaguim@camara.gov.br	
178802	Titular	318	5830522	LUIZ CARLOS RAMOS	LUIZ CARLOS RAMOS 	http://www.camara.gov.br/internet/deputado/bandep/178802.jpg	masculino	RJ	PSDC	636	3215-5636	dep.luizcarlosramos@camara.gov.br	
114941	Titular	62	5830528	JOSINIANE BRAGA NUNES	JOSI NUNES	http://www.camara.gov.br/internet/deputado/bandep/114941.jpg	feminino	TO	PMDB	950	3215-5950	dep.josinunes@camara.gov.br	
141454	Titular	451	5830645	JACOB ALFREDO STOFFELS KAEFER	ALFREDO KAEFER	http://www.camara.gov.br/internet/deputado/bandep/141454.jpg	masculino	PR	PSDB	818	3215-5818	dep.alfredokaefer@camara.gov.br	
141472	Titular	384	5830307	JOSÉ RICARDO ALVARENGA TRIPOLI	RICARDO TRIPOLI	http://www.camara.gov.br/internet/deputado/bandep/141472.jpg	masculino	SP	PSDB	241	3215-5241	dep.ricardotripoli@camara.gov.br	
141429	Titular	120	5830330	FELIPE CATALÃO MAIA	FELIPE MAIA	http://www.camara.gov.br/internet/deputado/bandep/141429.jpg	masculino	RN	DEM	528	3215-5528	dep.felipemaia@camara.gov.br	
160663	Titular	456	5830499	LEOPOLDO COSTA MEYER	LEOPOLDO MEYER	http://www.camara.gov.br/internet/deputado/bandep/160663.jpg	masculino	PR	PSB	233	3215-5233	dep.leopoldomeyer@camara.gov.br	
178919	Titular	152	5830476	MARINALDO ROSENDO DE ALBUQUERQUE	MARINALDO ROSENDO	http://www.camara.gov.br/internet/deputado/bandep/178919.jpg	masculino	PE	PSB	827	3215-5827	dep.marinaldorosendo@camara.gov.br	
73553	Titular	381	5830353	NELSON MARQUEZELLI	NELSON MARQUEZELLI	http://www.camara.gov.br/internet/deputado/bandep/73553.jpg	masculino	SP	PTB	920	3215-5920	dep.nelsonmarquezelli@camara.gov.br	
160758	Titular	233	5830599	DOMINGOS SÁVIO CAMPOS RESENDE	DOMINGOS SÁVIO	http://www.camara.gov.br/internet/deputado/bandep/160758.jpg	masculino	MG	PSDB	345	3215-5345	dep.domingossavio@camara.gov.br	
178998	Titular	258	5830376	TANIA RAQUEL DE QUEIROZ MUNIZ	RAQUEL MUNIZ	http://www.camara.gov.br/internet/deputado/bandep/178998.jpg	feminino	MG	PSC	444	3215-5444	dep.raquelmuniz@camara.gov.br	
178905	Titular	403	5830459	FABIO PAULINO GARCIA	FABIO GARCIA	http://www.camara.gov.br/internet/deputado/bandep/178905.jpg	masculino	MT	PSB	278	3215-5278	dep.fabiogarcia@camara.gov.br	
137070	Titular	66	5830708	VICENTE ALVES DE OLIVEIRA JUNIOR	VICENTINHO JÚNIOR	http://www.camara.gov.br/internet/deputado/bandep/137070.jpg	masculino	TO	PSB	817	3215-5817	dep.vicentinhojunior@camara.gov.br	
178882	Titular	72	5830768	ANDRE LUIS CARVALHO RIBEIRO	ANDRÉ FUFUCA	http://www.camara.gov.br/internet/deputado/bandep/178882.jpg	masculino	MA	PEN	945	3215-5945	dep.andrefufuca@camara.gov.br	
178825	Titular	57	5830505	LEONARDO CUNHA DE BRITO	LEO DE BRITO	http://www.camara.gov.br/internet/deputado/bandep/178825.jpg	masculino	AC	PT	619	3215-5619	dep.leodebrito@camara.gov.br	
160551	Titular	142	5830422	ANDERSON FERREIRA RODRIGUES	ANDERSON FERREIRA	http://www.camara.gov.br/internet/deputado/bandep/160551.jpg	masculino	PE	PR	450	3215-5450	dep.andersonferreira@camara.gov.br	
160527	Titular	129	5830568	AGUINALDO VELLOSO BORGES RIBEIRO	AGUINALDO RIBEIRO	http://www.camara.gov.br/internet/deputado/bandep/160527.jpg	masculino	PB	PP	735	3215-5735	dep.aguinaldoribeiro@camara.gov.br	
178930	Titular	452	5830516	EVANDRO ROGERIO ROMAN	EVANDRO ROMAN	http://www.camara.gov.br/internet/deputado/bandep/178930.jpg	masculino	PR	PSD	303	3215-5303	dep.evandroroman@camara.gov.br	
141413	Titular	475	5830313	DÉCIO NERY DE LIMA	DÉCIO LIMA	http://www.camara.gov.br/internet/deputado/bandep/141413.jpg	masculino	SC	PT	218	3215-5218	dep.deciolima@camara.gov.br	
160508	Titular	182	5830319	AFONSO BANDEIRA FLORENCE	AFONSO FLORENCE	http://www.camara.gov.br/internet/deputado/bandep/160508.jpg	masculino	BA	PT	305	3215-5305	dep.afonsoflorence@camara.gov.br	
178945	Titular	325	5830662	ROSANGELA DE SOUZA GOMES	ROSANGELA GOMES	http://www.camara.gov.br/internet/deputado/bandep/178945.jpg	feminino	RJ	PRB	438	3215-5438	dep.rosangelagomes@camara.gov.br	
141405	Titular	472	5830413	CELSO MALDANER	CELSO MALDANER	http://www.camara.gov.br/internet/deputado/bandep/141405.jpg	masculino	SC	PMDB	311	3215-5311	dep.celsomaldaner@camara.gov.br	
74235	Titular	281	5830562	MARCUS ANTÔNIO VICENTE	MARCUS VICENTE	http://www.camara.gov.br/internet/deputado/bandep/74235.jpg	masculino	ES	PP	360	3215-5360	dep.marcusvicente@camara.gov.br	
178968	Titular	175	5830370	ADELSON BARRETO DOS SANTOS	ADELSON BARRETO	http://www.camara.gov.br/internet/deputado/bandep/178968.jpg	masculino	SE	PTB	937	3215-5937	dep.adelsonbarreto@camara.gov.br	
141555	Titular	397	5830631	VINICIUS RAPOZO DE CARVALHO	VINICIUS CARVALHO	http://www.camara.gov.br/internet/deputado/bandep/141555.jpg	masculino	SP	PRB	356	3215-5356	dep.viniciuscarvalho@camara.gov.br	
160530	Titular	191	5830702	ANTONIO JOSÉ IMBASSAHY DA SILVA	ANTONIO IMBASSAHY	http://www.camara.gov.br/internet/deputado/bandep/160530.jpg	masculino	BA	PSDB	810	3215-5810	dep.antonioimbassahy@camara.gov.br	
178878	Titular	429	5830559	GIUSEPPE VECCI	GIUSEPPE VECCI	http://www.camara.gov.br/internet/deputado/bandep/178878.jpg	masculino	GO	PSDB	383	3215-5383	dep.giuseppevecci@camara.gov.br	
160672	Titular	307	5830725	JEAN WYLLYS DE MATOS SANTOS	JEAN WYLLYS	http://www.camara.gov.br/internet/deputado/bandep/160672.jpg	masculino	RJ	PSOL	646	3215-5646	dep.jeanwyllys@camara.gov.br	
141529	Titular	211	5830608	ROBERTO PEREIRA DE BRITTO	ROBERTO BRITTO	http://www.camara.gov.br/internet/deputado/bandep/141529.jpg	masculino	BA	PP	733	3215-5733	dep.robertobritto@camara.gov.br	
178952	Titular	125	5830419	WALTER PEREIRA ALVES	WALTER ALVES	http://www.camara.gov.br/internet/deputado/bandep/178952.jpg	masculino	RN	PMDB	435	3215-5435	dep.walteralves@camara.gov.br	
178937	Titular	286	5830582	ALTINEU CÔRTES FREITAS COUTINHO	ALTINEU CÔRTES	http://www.camara.gov.br/internet/deputado/bandep/178937.jpg	masculino	RJ	PR	578	3215-5578	dep.altineucortes@camara.gov.br	
178970	Titular	179	5830751	JOAO SOMARIVA DANIEL	JOÃO DANIEL	http://www.camara.gov.br/internet/deputado/bandep/178970.jpg	masculino	SE	PT	605	3215-5605	dep.joaodaniel@camara.gov.br	
178971	Titular	181	5830396	JONY MARCOS DE SOUZA ARAUJO	JONY MARCOS	http://www.camara.gov.br/internet/deputado/bandep/178971.jpg	masculino	SE	PRB	807	3215-5807	dep.jonymarcos@camara.gov.br	
160535	Titular	507	5830794	DIONILSO MATEUS MARCON	MARCON	http://www.camara.gov.br/internet/deputado/bandep/160535.jpg	masculino	RS	PT	569	3215-5569	dep.marcon@camara.gov.br	
73768	Titular	444	5830651	DILCEU JOÃO SPERAFICO	DILCEU SPERAFICO	http://www.camara.gov.br/internet/deputado/bandep/73768.jpg	masculino	PR	PP	746	3215-5746	dep.dilceusperafico@camara.gov.br	
178904	Titular	402	5830745	EZEQUIEL ANGELO FONSECA	EZEQUIEL FONSECA	http://www.camara.gov.br/internet/deputado/bandep/178904.jpg	masculino	MT	PP	658	3215-5658	dep.ezequielfonseca@camara.gov.br	
74385	Titular	469	5830674	HIDEKAZU TAKAYAMA	TAKAYAMA	http://www.camara.gov.br/internet/deputado/bandep/74385.jpg	masculino	PR	PSC	910	3215-5910	dep.takayama@camara.gov.br	
141383	Titular	333	5830625	ANTONIO CARLOS MARTINS DE BULHÕES	ANTONIO BULHÕES	http://www.camara.gov.br/internet/deputado/bandep/141383.jpg	masculino	SP	PRB	327	3215-5327	dep.antoniobulhoes@camara.gov.br	
141389	Titular	315	5830731	ANTONIO PEDRO DE SIQUEIRA INDIO DA COSTA	INDIO DA COSTA	http://www.camara.gov.br/internet/deputado/bandep/141389.jpg	masculino	RJ	PSD	509	3215-5509	dep.indiodacosta@camara.gov.br	
74283	Titular	396	5830496	VICENTE PAULO DA SILVA	VICENTINHO	http://www.camara.gov.br/internet/deputado/bandep/74283.jpg	masculino	SP	PT	740	3215-5740	dep.vicentinho@camara.gov.br	
73655	Titular	411	5830433	AUGUSTO SILVEIRA DE CARVALHO	AUGUSTO CARVALHO	http://www.camara.gov.br/internet/deputado/bandep/73655.jpg	masculino	DF	SD	215	3215-5215	dep.augustocarvalho@camara.gov.br	
178880	Titular	432	5830445	MARCOS ABRAO RORIZ SOARES DE CARVALHO	MARCOS ABRÃO	http://www.camara.gov.br/internet/deputado/bandep/178880.jpg	masculino	GO	PPS	375	3215-5375	dep.marcosabrao@camara.gov.br	
160591	Titular	16	5830482	VINICIUS DE AZEVEDO GURGEL	VINICIUS GURGEL	http://www.camara.gov.br/internet/deputado/bandep/160591.jpg	masculino	AP	PR	852	3215-5852	dep.viniciusgurgel@camara.gov.br	
93083	Titular	193	5830296	CARLOS FELIPE VAZQUEZ DE SOUZA LEÃO	CACÁ LEÃO	http://www.camara.gov.br/internet/deputado/bandep/93083.jpg	masculino	BA	PP	320	3215-5320	dep.cacaleao@camara.gov.br	
178966	Titular	482	5830539	GEOVANIA DE SA RODRIGUES	GEOVANIA DE SÁ	http://www.camara.gov.br/internet/deputado/bandep/178966.jpg	feminino	SC	PSDB	606	3215-5606	dep.geovaniadesa@camara.gov.br	
141480	Titular	63	5830290	LÁZARO BOTELHO MARTINS	LÁZARO BOTELHO	http://www.camara.gov.br/internet/deputado/bandep/141480.jpg	masculino	TO	PP	478	3215-5478	dep.lazarobotelho@camara.gov.br	
160600	Titular	192	5830788	ARTHUR DE OLIVEIRA MAIA DA SILVA	ARTHUR OLIVEIRA MAIA	http://www.camara.gov.br/internet/deputado/bandep/160600.jpg	masculino	BA	SD	830	3215-5830	dep.arthuroliveiramaia@camara.gov.br	
178874	Titular	283	5830682	ANTONIO SERGIO ALVES VIDIGAL	SERGIO VIDIGAL	http://www.camara.gov.br/internet/deputado/bandep/178874.jpg	masculino	ES	PDT	812	3215-5812	dep.sergiovidigal@camara.gov.br	
178840	Titular	59	5830688	WHERLES FERNANDES DA ROCHA	ROCHA	http://www.camara.gov.br/internet/deputado/bandep/178840.jpg	masculino	AC	PSDB	607	3215-5607	dep.rocha@camara.gov.br	
74254	Titular	312	5830339	LEONARDO CARNEIRO MONTEIRO PICCIANI	LEONARDO PICCIANI	http://www.camara.gov.br/internet/deputado/bandep/74254.jpg	masculino	RJ	PMDB	302	3215-5302	dep.leonardopicciani@camara.gov.br	
74655	Titular	230	5830588	EDUARDO LUIZ BARROS BARBOSA	EDUARDO BARBOSA	http://www.camara.gov.br/internet/deputado/bandep/74655.jpg	masculino	MG	PSDB	540	3215-1540	dep.eduardobarbosa@camara.gov.br	
74273	Titular	349	5830439	JEFFERSON ALVES DE CAMPOS	JEFFERSON CAMPOS	http://www.camara.gov.br/internet/deputado/bandep/74273.jpg	masculino	SP	PSD	346	3215-5346	dep.jeffersoncampos@camara.gov.br	
160637	Titular	414	5830488	RONALDO FONSECA DE SOUZA	RONALDO FONSECA	http://www.camara.gov.br/internet/deputado/bandep/160637.jpg	masculino	DF	PROS	223	3215-5223	dep.ronaldofonseca@camara.gov.br	
62881	Titular	95	5830390	FRANCISCO DANILO BASTOS FORTE	DANILO FORTE	http://www.camara.gov.br/internet/deputado/bandep/62881.jpg	masculino	CE	PSB	384	3215-5384	dep.daniloforte@camara.gov.br	
178835	Titular	490	5830619	AFONSO ANTUNES DA MOTTA	AFONSO MOTTA	http://www.camara.gov.br/internet/deputado/bandep/178835.jpg	masculino	RS	PDT	711	3215-5711	dep.afonsomotta@camara.gov.br	
160569	Titular	219	5830548	WALDENOR ALVES PEREIRA FILHO	WALDENOR PEREIRA	http://www.camara.gov.br/internet/deputado/bandep/160569.jpg	masculino	BA	PT	954	3215-5954	dep.waldenorpereira@camara.gov.br	
74090	Titular	38	5830571	ÁTILA SIDNEY LINS ALBUQUERQUE	ÁTILA LINS	http://www.camara.gov.br/internet/deputado/bandep/74090.jpg	masculino	AM	PSD	730	3215-5730	dep.atilalins@camara.gov.br	
178960	Titular	7	5830333	REMIDIO MONAI MONTESSI	REMÍDIO MONAI	http://www.camara.gov.br/internet/deputado/bandep/178960.jpg	masculino	RR	PR	641	3215-5641	dep.remidiomonai@camara.gov.br	
160589	Titular	335	5830665	BRUNA DIAS FURLAN	BRUNA FURLAN	http://www.camara.gov.br/internet/deputado/bandep/160589.jpg	feminino	SP	PSDB	836	3215-5836	dep.brunafurlan@camara.gov.br	
163831	Titular	310	5830642	FERNANDO ANTÔNIO CECILIANO JORDÃO	FERNANDO JORDÃO	http://www.camara.gov.br/internet/deputado/bandep/163831.jpg	masculino	RJ	PMDB	626	3215-5626	dep.fernandojordao@camara.gov.br	
178870	Titular	415	5830310	RONEY TANIOS NEMER	RONEY NEMER	http://www.camara.gov.br/internet/deputado/bandep/178870.jpg	masculino	DF	PMDB	572	3215-5572	dep.roneynemer@camara.gov.br	
74457	Titular	105	5830717	MORONI BING TORGAN	MORONI TORGAN	http://www.camara.gov.br/internet/deputado/bandep/74457.jpg	masculino	CE	DEM	445	3215-5445	dep.moronitorgan@camara.gov.br	
178958	Titular	3	5830456	CARLOS AUGUSTO ANDRADE SILVA	CARLOS ANDRADE	http://www.camara.gov.br/internet/deputado/bandep/178958.jpg	masculino	RR	PHS	758	3215-5758	dep.carlosandrade@camara.gov.br	
160601	Titular	379	5830379	MARCO ANTÔNIO FELICIANO	PR. MARCO FELICIANO	http://www.camara.gov.br/internet/deputado/bandep/160601.jpg	masculino	SP	PSC	254	3215-5254	dep.pr.marcofeliciano@camara.gov.br	
74317	Titular	114	5830694	JÚLIO CÉSAR DE CARVALHO LIMA	JÚLIO CESAR	http://www.camara.gov.br/internet/deputado/bandep/74317.jpg	masculino	PI	PSD	944	3215-5944	dep.juliocesar@camara.gov.br	
160655	Titular	383	5830479	RICARDO IZAR JUNIOR	RICARDO IZAR	http://www.camara.gov.br/internet/deputado/bandep/160655.jpg	masculino	SP	PSD	634	3215-5634	dep.ricardoizar@camara.gov.br	
178922	Titular	161	5830425	FRANCISCO TADEU BARBOSA DE ALENCAR	TADEU ALENCAR	http://www.camara.gov.br/internet/deputado/bandep/178922.jpg	masculino	PE	PSB	820	3215-5820	dep.tadeualencar@camara.gov.br	
178910	Titular	33	5830502	JOAQUIM PASSARINHO PINTO DE SOUZA PORTO	JOAQUIM PASSARINHO	http://www.camara.gov.br/internet/deputado/bandep/178910.jpg	masculino	PA	PSD	339	3215-5339	dep.joaquimpassarinho@camara.gov.br	
74156	Titular	253	5830402	JOSÉ LEONARDO COSTA MONTEIRO	LEONARDO MONTEIRO	http://www.camara.gov.br/internet/deputado/bandep/74156.jpg	masculino	MG	PT	922	3215-5922	dep.leonardomonteiro@camara.gov.br	
141552	Titular	404	5830648	VALTENIR LUIZ PEREIRA	VALTENIR PEREIRA	http://www.camara.gov.br/internet/deputado/bandep/141552.jpg	masculino	MT	PMB	913	3215-5913	dep.valtenirpereira@camara.gov.br	
160576	Titular	64	5830525	CESAR HANNA HALUM	CÉSAR HALUM	http://www.camara.gov.br/internet/deputado/bandep/160576.jpg	masculino	TO	PRB	422	3215-5422	dep.cesarhalum@camara.gov.br	
178881	Titular	68	5830565	ALUISIO GUIMARAES MENDES FILHO	ALUISIO MENDES	http://www.camara.gov.br/internet/deputado/bandep/178881.jpg	masculino	MA	PSDC	931	3215-5931	dep.aluisiomendes@camara.gov.br	
73674	Titular	427	5830602	ROBERTO EGÍDIO BALESTRA	ROBERTO BALESTRA	http://www.camara.gov.br/internet/deputado/bandep/73674.jpg	masculino	GO	PP	219	3215-5219	dep.robertobalestra@camara.gov.br	
160578	Titular	446	5830508	EDMAR DE SOUZA ARRUDA	EDMAR ARRUDA	http://www.camara.gov.br/internet/deputado/bandep/160578.jpg	masculino	PR	PSC	962	3215-5962	dep.edmararruda@camara.gov.br	
64960	Titular	6	5830765	MARIA HELENA VERONESE RODRIGUES	MARIA HELENA	http://www.camara.gov.br/internet/deputado/bandep/64960.jpg	feminino	RR	PSB	410	3215-5410	dep.mariahelena@camara.gov.br	
141422	Titular	128	5830519	EFRAIM DE ARAÚJO MORAIS FILHO	EFRAIM FILHO	http://www.camara.gov.br/internet/deputado/bandep/141422.jpg	masculino	PB	DEM	744	3215-5744	dep.efraimfilho@camara.gov.br	
178892	Titular	227	5830705	DAMINA DE CARVALHO PEREIRA	DÂMINA PEREIRA	http://www.camara.gov.br/internet/deputado/bandep/178892.jpg	feminino	MG	PMN	434	3215-5434	dep.daminapereira@camara.gov.br	
74262	Titular	338	5830711	CARLOS HENRIQUE FOCESI SAMPAIO	CARLOS SAMPAIO	http://www.camara.gov.br/internet/deputado/bandep/74262.jpg	masculino	SP	PSDB	207	3215-5207	dep.carlossampaio@camara.gov.br	
74366	Titular	418	5830462	JOÃO CAMPOS DE ARAÚJO	JOÃO CAMPOS	http://www.camara.gov.br/internet/deputado/bandep/74366.jpg	masculino	GO	PSDB	315	3215-5315	dep.joaocampos@camara.gov.br	
151208	Titular	176	5830362	LAERCIO JOSÉ DE OLIVEIRA	LAERCIO OLIVEIRA	http://www.camara.gov.br/internet/deputado/bandep/151208.jpg	masculino	SE	SD	629	3215-5629	dep.laerciooliveira@camara.gov.br	
178938	Titular	289	5830757	BENEVENUTO DACIOLO FONSECA DOS SANTOS	CABO DACIOLO	http://www.camara.gov.br/internet/deputado/bandep/178938.jpg	masculino	RJ	S.PART.	803	3215-5803	dep.cabodaciolo@camara.gov.br	
74570	Titular	206	5830416	JUTAHY MAGALHÃES JÚNIOR	JUTAHY JUNIOR	http://www.camara.gov.br/internet/deputado/bandep/74570.jpg	masculino	BA	PSDB	407	3215-5407	dep.jutahyjunior@camara.gov.br	
73778	Titular	454	5830316	LUIZ CARLOS JORGE HAULY	LUIZ CARLOS HAULY	http://www.camara.gov.br/internet/deputado/bandep/73778.jpg	masculino	PR	PSDB	220	3215-5220	dep.luizcarloshauly@camara.gov.br	
129037	Titular	244	5830611	GABRIEL GUIMARÃES DE ANDRADE	GABRIEL GUIMARÃES	http://www.camara.gov.br/internet/deputado/bandep/129037.jpg	masculino	MG	PT	821	3215-5821	dep.gabrielguimaraes@camara.gov.br	
178909	Titular	32	5830299	HELIO LEITE DA SILVA	HÉLIO LEITE	http://www.camara.gov.br/internet/deputado/bandep/178909.jpg	masculino	PA	DEM	403	3215-5403	dep.helioleite@camara.gov.br	
178841	Titular	165	5830797	JOSÉ CÍCERO SOARES DE ALMEIDA	CÍCERO ALMEIDA	http://www.camara.gov.br/internet/deputado/bandep/178841.jpg	masculino	AL	PSD	760	3215-5760	dep.ciceroalmeida@camara.gov.br	
69871	Titular	184	5830536	JOAO CARLOS BACELAR BATISTA	BACELAR	http://www.camara.gov.br/internet/deputado/bandep/69871.jpg	masculino	BA	PTN	381	3215-5381	dep.bacelar@camara.gov.br	
160512	Titular	290	5830465	AUREO LIDIO MOREIRA RIBEIRO	AUREO	http://www.camara.gov.br/internet/deputado/bandep/160512.jpg	masculino	RJ	SD	212	3215-5212	dep.aureo@camara.gov.br	
171619	Titular	237	5830442	MARIA MARGARIDA MARTINS SALOMÃO	MARGARIDA SALOMÃO	http://www.camara.gov.br/internet/deputado/bandep/171619.jpg	feminino	MG	PT	236	3215-5236	dep.margaridasalomao@camara.gov.br	
141558	Titular	84	5830393	WALDIR MARANHÃO CARDOSO	WALDIR MARANHÃO	http://www.camara.gov.br/internet/deputado/bandep/141558.jpg	masculino	MA	PP	575	3215-5575	dep.waldirmaranhao@camara.gov.br	
178867	Titular	104	5830605	JOSE MARIA MACEDO JUNIOR	MACEDO	http://www.camara.gov.br/internet/deputado/bandep/178867.jpg	masculino	CE	PSL	214	3215-5214	dep.macedo@camara.gov.br	
178849	Titular	42	5830728	HISSA NAGIB ABRAHAO FILHO	HISSA ABRAHÃO	http://www.camara.gov.br/internet/deputado/bandep/178849.jpg	masculino	AM	PPS	272	3215-5272	dep.hissaabrahao@camara.gov.br	
178875	Titular	416	5830373	ALEXANDRE BALDY DE SANT'ANNA BRAGA	ALEXANDRE BALDY	http://www.camara.gov.br/internet/deputado/bandep/178875.jpg	masculino	GO	PSDB	441	3215-5441	dep.alexandrebaldy@camara.gov.br	
178903	Titular	401	5830628	ADILTON DOMINGOS SACHETTI	ADILTON SACHETTI	http://www.camara.gov.br/internet/deputado/bandep/178903.jpg	masculino	MT	PSB	374	3215-5374	dep.adiltonsachetti@camara.gov.br	
164359	Titular	421	5830350	WALDIR SOARES DE OLIVEIRA	DELEGADO WALDIR	http://www.camara.gov.br/internet/deputado/bandep/164359.jpg	masculino	GO	PSDB	645	3215-5645	dep.delegadowaldir@camara.gov.br	
178916	Titular	144	5830748	DANIEL PIRES COELHO	DANIEL COELHO	http://www.camara.gov.br/internet/deputado/bandep/178916.jpg	masculino	PE	PSDB	813	3215-5813	dep.danielcoelho@camara.gov.br	
178846	Titular	36	5830771	ALFREDO PEREIRA DO NASCIMENTO	ALFREDO NASCIMENTO	http://www.camara.gov.br/internet/deputado/bandep/178846.jpg	masculino	AM	PR	401	3215-5401	dep.alfredonascimento@camara.gov.br	
141401	Titular	400	5830791	CARLOS GOMES BEZERRA	CARLOS BEZERRA	http://www.camara.gov.br/internet/deputado/bandep/141401.jpg	masculino	MT	PMDB	815	3215-5815	dep.carlosbezerra@camara.gov.br	
73463	Titular	463	5830293	OSMAR JOSÉ SERRAGLIO	OSMAR SERRAGLIO	http://www.camara.gov.br/internet/deputado/bandep/73463.jpg	masculino	PR	PMDB	845	3215-5845	dep.osmarserraglio@camara.gov.br	
141507	Titular	480	5830542	MAURO MARIANI	MAURO MARIANI	http://www.camara.gov.br/internet/deputado/bandep/141507.jpg	masculino	SC	PMDB	925	3215-5925	dep.mauromariani@camara.gov.br	
178936	Titular	285	5830436	ALEXANDRE VALLE CARDOSO	ALEXANDRE VALLE	http://www.camara.gov.br/internet/deputado/bandep/178936.jpg	masculino	RJ	PRP	587	3215-5587	dep.alexandrevalle@camara.gov.br	
141411	Titular	434	5830399	DAGOBERTO NOGUEIRA FILHO	DAGOBERTO	http://www.camara.gov.br/internet/deputado/bandep/141411.jpg	masculino	MS	PDT	654	3215-5654	dep.dagoberto@camara.gov.br	
178972	Titular	331	5830591	ALEX SPINELLI MANENTE	ALEX MANENTE	http://www.camara.gov.br/internet/deputado/bandep/178972.jpg	masculino	SP	PPS	245	3215-5245	dep.alexmanente@camara.gov.br	
74553	Titular	207	5830579	JOSÉ CARLOS ALELUIA COSTA	JOSÉ CARLOS ALELUIA	http://www.camara.gov.br/internet/deputado/bandep/74553.jpg	masculino	BA	DEM	854	3215-5854	dep.josecarlosaleluia@camara.gov.br	
178843	Titular	169	5830777	MARX BELTRÃO LIMA SIQUEIRA	MARX BELTRÃO 	http://www.camara.gov.br/internet/deputado/bandep/178843.jpg	masculino	AL	PMDB	474	3215-5474	dep.marxbeltrao@camara.gov.br	
133373	Titular	496	5830634	MARCO AURÉLIO SPALL MAIA	MARCO MAIA	http://www.camara.gov.br/internet/deputado/bandep/133373.jpg	masculino	RS	PT	28	3215-5964	dep.marcomaia@camara.gov.br	
74371	Titular	425	5830485	RUBENS OTONI GOMIDE	RUBENS OTONI	http://www.camara.gov.br/internet/deputado/bandep/74371.jpg	masculino	GO	PT	501	3215-5501	dep.rubensotoni@camara.gov.br	
178876	Titular	417	5830585	CELIO ANTONIO DA SILVEIRA	CÉLIO SILVEIRA	http://www.camara.gov.br/internet/deputado/bandep/178876.jpg	masculino	GO	PSDB	565	3215-5565	dep.celiosilveira@camara.gov.br	
132056	Titular	373	5830342	PAULO SALIM MALUF	PAULO MALUF	http://www.camara.gov.br/internet/deputado/bandep/132056.jpg	masculino	SP	PP	512	3215-5512	dep.paulomaluf@camara.gov.br	
178948	Titular	122	5830685	CARLOS ALBERTO DE SOUSA ROSADO SEGUNDO	BETO ROSADO	http://www.camara.gov.br/internet/deputado/bandep/178948.jpg	masculino	RN	PP	840	3215-5840	dep.betorosado@camara.gov.br	
141483	Titular	45	5830734	LINDOMAR BARBOSA ALVES	LINDOMAR GARÇON	http://www.camara.gov.br/internet/deputado/bandep/141483.jpg	masculino	RO	PMDB	548	3215-5548	dep.lindomargarcon@camara.gov.br	
178994	Titular	61	5830311	DULCE FERREIRA PAGANI MIRANDA	DULCE MIRANDA	http://www.camara.gov.br/internet/deputado/bandep/178994.jpg	feminino	TO	PMDB	530	3215-5530	dep.dulcemiranda@camara.gov.br	
160633	Titular	436	5830643	LUIZ HENRIQUE MANDETTA	MANDETTA	http://www.camara.gov.br/internet/deputado/bandep/160633.jpg	masculino	MS	DEM	577	3215-5577	dep.mandetta@camara.gov.br	
178941	Titular	303	5830620	EZEQUIEL CORTAZ TEIXEIRA	EZEQUIEL TEIXEIRA	http://www.camara.gov.br/internet/deputado/bandep/178941.jpg	masculino	RJ	PMB	210	3215-5210	dep.ezequielteixeira@camara.gov.br	
74784	Titular	371	5830288	LUIZA ERUNDINA DE SOUSA	LUIZA ERUNDINA	http://www.camara.gov.br/internet/deputado/bandep/74784.jpg	feminino	SP	PSB	620	3215-5620	dep.luizaerundina@camara.gov.br	
73788	Titular	462	5830357	RICARDO JOSÉ MAGALHÃES BARROS	RICARDO BARROS	http://www.camara.gov.br/internet/deputado/bandep/73788.jpg	masculino	PR	PP	412	3215-5412	dep.ricardobarros@camara.gov.br	
160559	Titular	486	5830689	ALCEU MOREIRA DA SILVA	ALCEU MOREIRA	http://www.camara.gov.br/internet/deputado/bandep/160559.jpg	masculino	RS	PMDB	238	3215-5238	dep.alceumoreira@camara.gov.br	
178995	Titular	17	5830334	ANTONIO ROBERTO RODRIGUES GÓES DA SILVA	ROBERTO GÓES	http://www.camara.gov.br/internet/deputado/bandep/178995.jpg	masculino	AP	PDT	462	3215-5462	dep.robertogoes@camara.gov.br	
178854	Titular	198	5830666	ELMAR JOSE VIEIRA NASCIMENTO	ELMAR NASCIMENTO	http://www.camara.gov.br/internet/deputado/bandep/178854.jpg	masculino	BA	DEM	935	3215-5935	dep.elmarnascimento@camara.gov.br	
74017	Titular	323	5830551	PAULO FERNANDO FEIJO TORRES	PAULO FEIJÓ	http://www.camara.gov.br/internet/deputado/bandep/74017.jpg	masculino	RJ	PR	336	3215-5336	dep.paulofeijo@camara.gov.br	
73930	Titular	23	5830474	WLADIMIR AFONSO DA COSTA RABELO	WLADIMIR COSTA	http://www.camara.gov.br/internet/deputado/bandep/73930.jpg	masculino	PA	SD	343	3215-5343	dep.wladimircosta@camara.gov.br	
74212	Titular	87	5830497	ANÍBAL FERREIRA GOMES	ANÍBAL GOMES	http://www.camara.gov.br/internet/deputado/bandep/74212.jpg	masculino	CE	PMDB	731	3215-5731	dep.anibalgomes@camara.gov.br	
160641	Titular	15	5830503	MARCIVANIA DO SOCORRO DA ROCHA FLEXA	PROFESSORA MARCIVANIA	http://www.camara.gov.br/internet/deputado/bandep/160641.jpg	feminino	AP	PT	338	3215-5338	dep.professoramarcivania@camara.gov.br	
141470	Titular	103	5830597	JOSÉ NOBRE GUIMARÃES	JOSÉ GUIMARÃES	http://www.camara.gov.br/internet/deputado/bandep/141470.jpg	masculino	CE	PT	306	3215-5306	dep.joseguimaraes@camara.gov.br	
160567	Titular	509	5830428	NELSON MARCHEZAN JÚNIOR	NELSON MARCHEZAN JUNIOR	http://www.camara.gov.br/internet/deputado/bandep/160567.jpg	masculino	RS	PSDB	250	3215-5250	dep.nelsonmarchezanjunior@camara.gov.br	
73437	Titular	340	5830451	PAULO ROBERTO GOMES MANSUR	BETO MANSUR	http://www.camara.gov.br/internet/deputado/bandep/73437.jpg	masculino	SP	PRB	616	3215-5616	dep.betomansur@camara.gov.br	
73586	Titular	250	5830574	JÚLIO CÉSAR DELGADO	JÚLIO DELGADO	http://www.camara.gov.br/internet/deputado/bandep/73586.jpg	masculino	MG	PSB	323	3215-5323	dep.juliodelgado@camara.gov.br	
178861	Titular	216	5830566	RONALDO CARLETTO	RONALDO CARLETTO	http://www.camara.gov.br/internet/deputado/bandep/178861.jpg	masculino	BA	PP	262	3215-5262	dep.ronaldocarletto@camara.gov.br	
178828	Titular	354	5830649	EVANDRO HERRERA BERTONE GUSSI	EVANDRO GUSSI	http://www.camara.gov.br/internet/deputado/bandep/178828.jpg	masculino	SP	PV	433	3215-5433	dep.evandrogussi@camara.gov.br	
178983	Titular	370	5830720	MARCIO LUIZ ALVINO DE SOUZA	MARCIO ALVINO	http://www.camara.gov.br/internet/deputado/bandep/178983.jpg	masculino	SP	PR	331	3215-5331	dep.marcioalvino@camara.gov.br	
74253	Titular	308	5830411	JULIO LUIZ BAPTISTA LOPES	JULIO LOPES	http://www.camara.gov.br/internet/deputado/bandep/74253.jpg	masculino	RJ	PP	544	3215-5544	dep.juliolopes@camara.gov.br	
178991	Titular	390	5830603	SERGIO BAVINI	SÉRGIO REIS	http://www.camara.gov.br/internet/deputado/bandep/178991.jpg	masculino	SP	PRB	213	3215-5213	dep.sergioreis@camara.gov.br	
74787	Titular	374	5830520	MILTON ANTONIO CASQUEL MONTI	MILTON MONTI	http://www.camara.gov.br/internet/deputado/bandep/74787.jpg	masculino	SP	PR	328	3215-5328	dep.miltonmonti@camara.gov.br	
160673	Titular	502	5830766	GIOVANI CHERINI	GIOVANI CHERINI	http://www.camara.gov.br/internet/deputado/bandep/160673.jpg	masculino	RS	PDT	468	3215-5468	dep.giovanicherini@camara.gov.br	
160517	Titular	280	5830457	PAULO ROBERTO FOLETTO	PAULO FOLETTO	http://www.camara.gov.br/internet/deputado/bandep/160517.jpg	masculino	ES	PSB	839	3215-5839	dep.paulofoletto@camara.gov.br	
74665	Titular	240	5830468	JAIME MARTINS FILHO	JAIME MARTINS	http://www.camara.gov.br/internet/deputado/bandep/74665.jpg	masculino	MG	PSD	904	3215-5904	dep.jaimemartins@camara.gov.br	
73692	Titular	497	5830557	OSMAR GASPARINI TERRA	OSMAR TERRA	http://www.camara.gov.br/internet/deputado/bandep/73692.jpg	masculino	RS	PMDB	927	3215-5927	dep.osmarterra@camara.gov.br	
178872	Titular	276	5830706	GIVALDO VIEIRA DA SILVA	GIVALDO VIEIRA	http://www.camara.gov.br/internet/deputado/bandep/178872.jpg	masculino	ES	PT	805	3215-5805	dep.givaldovieira@camara.gov.br	
74210	Titular	85	5830511	JOSÉ SARNEY FILHO	SARNEY FILHO	http://www.camara.gov.br/internet/deputado/bandep/74210.jpg	masculino	MA	PV	202	3215-5202	dep.sarneyfilho@camara.gov.br	
74140	Titular	197	5830760	JOSÉ CARLOS LEÃO DE ARAÚJO	JOSÉ CARLOS ARAÚJO	http://www.camara.gov.br/internet/deputado/bandep/74140.jpg	masculino	BA	PSD	232	3215-5232	dep.josecarlosaraujo@camara.gov.br	
74270	Titular	360	5830514	GILBERTO NASCIMENTO SILVA	GILBERTO NASCIMENTO	http://www.camara.gov.br/internet/deputado/bandep/74270.jpg	masculino	SP	PSC	834	3215-5834	dep.gilbertonascimento@camara.gov.br	
178946	Titular	328	5830365	SORAYA ALENCAR DOS SANTOS	SORAYA SANTOS	http://www.camara.gov.br/internet/deputado/bandep/178946.jpg	feminino	RJ	PMDB	352	3215-5352	dep.sorayasantos@camara.gov.br	
73701	Titular	291	5830660	BENEDITA SOUZA DA SILVA SAMPAIO	BENEDITA DA SILVA	http://www.camara.gov.br/internet/deputado/bandep/73701.jpg	feminino	RJ	PT	330	3215-5330	dep.beneditadasilva@camara.gov.br	
178911	Titular	35	5830394	SIMONE MARIA MORGADO FERREIRA	SIMONE MORGADO	http://www.camara.gov.br/internet/deputado/bandep/178911.jpg	feminino	PA	PMDB	440	3215-5440	dep.simonemorgado@camara.gov.br	
178934	Titular	470	5830417	ANTONIO WANDSCHEER	TONINHO WANDSCHEER	http://www.camara.gov.br/internet/deputado/bandep/178934.jpg	masculino	PR	PMB	902	3215-5902	dep.toninhowandscheer@camara.gov.br	
178986	Titular	382	5830749	NILTO IGNACIO TATTO	NILTO TATTO	http://www.camara.gov.br/internet/deputado/bandep/178986.jpg	masculino	SP	PT	267	3215-5267	dep.niltotatto@camara.gov.br	
74060	Titular	188	5830345	DANIEL GOMES DE ALMEIDA	DANIEL ALMEIDA	http://www.camara.gov.br/internet/deputado/bandep/74060.jpg	masculino	BA	PCdoB	317	3215-5317	dep.danielalmeida@camara.gov.br	
171623	Titular	178	5830680	FABIO DE ALMEIDA REIS	FABIO REIS	http://www.camara.gov.br/internet/deputado/bandep/171623.jpg	masculino	SE	PMDB	456	3215-5456	dep.fabioreis@camara.gov.br	
178886	Titular	79	5830606	JOSE JUSCELINO DOS SANTOS REZENDE FILHO	JUSCELINO FILHO	http://www.camara.gov.br/internet/deputado/bandep/178886.jpg	masculino	MA	PMB	370	3215-5370	dep.juscelinofilho@camara.gov.br	
163321	Titular	517	5830723	RONALDO NOGUEIRA DE OLIVEIRA	RONALDO NOGUEIRA	http://www.camara.gov.br/internet/deputado/bandep/163321.jpg	masculino	RS	PTB	625	3215-5625	dep.ronaldonogueira@camara.gov.br	
178962	Titular	492	5830302	ANTONIO CARLOS GOMES DA SILVA	CARLOS GOMES	http://www.camara.gov.br/internet/deputado/bandep/178962.jpg	masculino	RS	PRB	285	3215-5285	dep.carlosgomes@camara.gov.br	
186775	Titular	544	5830835	FRANKLIN ROBERTO DE LIMA SOUZA	PASTOR FRANKLIN	http://www.camara.gov.br/internet/deputado/bandep/186775.jpg	masculino	MG	PMB	627	3215-5627	dep.pastorfranklin@camara.gov.br	
141450	Titular	306	5830320	HUGO LEAL MELO DA SILVA	HUGO LEAL	http://www.camara.gov.br/internet/deputado/bandep/141450.jpg	masculino	RJ	PROS	631	3215-5631	dep.hugoleal@camara.gov.br	
160553	Titular	189	5830609	ANTONIO LUIZ PARANHOS RIBEIRO LEITE DE BRITO	ANTONIO BRITO	http://www.camara.gov.br/internet/deputado/bandep/160553.jpg	masculino	BA	PTB	479	3215-5479	dep.antoniobrito@camara.gov.br	
74374	Titular	435	5830512	GERALDO RESENDE PEREIRA	GERALDO RESENDE	http://www.camara.gov.br/internet/deputado/bandep/74374.jpg	masculino	MS	PMDB	905	3215-5905	dep.geraldoresende@camara.gov.br	
141398	Titular	398	5830561	CARLOS ALBERTO ROLIM ZARATTINI	CARLOS ZARATTINI	http://www.camara.gov.br/internet/deputado/bandep/141398.jpg	masculino	SP	PT	808	3215-5808	dep.carloszarattini@camara.gov.br	
178961	Titular	8	5830489	SHÉRIDAN ESTÉRFANY OLIVEIRA DE ANCHIETA	SHÉRIDAN	http://www.camara.gov.br/internet/deputado/bandep/178961.jpg	feminino	RR	PSDB	246	3215-5246	dep.sheridan@camara.gov.br	
74351	Titular	30	5830632	JOSUÉ BENGTSON	JOSUÉ BENGTSON	http://www.camara.gov.br/internet/deputado/bandep/74351.jpg	masculino	PA	PTB	505	3215-5505	dep.josuebengtson@camara.gov.br	
178951	Titular	123	5830775	RAFAEL HUETE DA MOTTA	RAFAEL MOTTA	http://www.camara.gov.br/internet/deputado/bandep/178951.jpg	masculino	RN	PROS	737	3215-5737	dep.rafaelmotta@camara.gov.br	
141518	Titular	372	5830369	PAULO PEREIRA DA SILVA	PAULO PEREIRA DA SILVA	http://www.camara.gov.br/internet/deputado/bandep/141518.jpg	masculino	SP	SD	217	3215-5217	dep.paulopereiradasilva@camara.gov.br	
160558	Titular	380	5830701	PAULO ROBERTO FREIRE DA COSTA	PAULO FREIRE	http://www.camara.gov.br/internet/deputado/bandep/160558.jpg	masculino	SP	PR	416	3215-5416	dep.paulofreire@camara.gov.br	
160599	Titular	231	5830297	DIMAS FABIANO TOLEDO JÚNIOR	DIMAS FABIANO	http://www.camara.gov.br/internet/deputado/bandep/160599.jpg	masculino	MG	PP	325	3215-5325	dep.dimasfabiano@camara.gov.br	
160649	Titular	471	5830346	ESPERIDIÃO AMIN HELOU FILHO	ESPERIDIÃO AMIN	http://www.camara.gov.br/internet/deputado/bandep/160649.jpg	masculino	SC	PP	252	3215-5252	dep.esperidiaoamin@camara.gov.br	
178836	Titular	53	5830326	ALAN RICK MIRANDA	ALAN RICK	http://www.camara.gov.br/internet/deputado/bandep/178836.jpg	masculino	AC	PRB	650	3215-5650	dep.alanrick@camara.gov.br	
143632	Titular	97	5830652	DOMINGOS GOMES DE AGUIAR NETO	DOMINGOS NETO	http://www.camara.gov.br/internet/deputado/bandep/143632.jpg	masculino	CE	PMB	546	3215-5546	dep.domingosneto@camara.gov.br	
141503	Titular	246	5830724	MARIA DO SOCORRO JÔ MORAES	JÔ MORAES	http://www.camara.gov.br/internet/deputado/bandep/141503.jpg	feminino	MG	PCdoB	322	3215-5322	dep.jomoraes@camara.gov.br	
166401	Titular	405	5830675	NILSON APARECIDO LEITÃO	NILSON LEITÃO	http://www.camara.gov.br/internet/deputado/bandep/166401.jpg	masculino	MT	PSDB	825	3215-5825	dep.nilsonleitao@camara.gov.br	
74439	Titular	164	5830303	WOLNEY QUEIROZ MACIEL	WOLNEY QUEIROZ	http://www.camara.gov.br/internet/deputado/bandep/74439.jpg	masculino	PE	PDT	936	3215-5936	dep.wolneyqueiroz@camara.gov.br	
160602	Titular	18	5830744	ARNALDO JORDY FIGUEIREDO	ARNALDO JORDY	http://www.camara.gov.br/internet/deputado/bandep/160602.jpg	masculino	PA	PPS	506	3215-5506	dep.arnaldojordy@camara.gov.br	
74079	Titular	26	5830495	JOSÉ BENITO PRIANTE JÚNIOR	JOSÉ PRIANTE	http://www.camara.gov.br/internet/deputado/bandep/74079.jpg	masculino	PA	PMDB	752	3215-5752	dep.josepriante@camara.gov.br	
73424	Titular	327	5830589	SIMÃO SESSIM	SIMÃO SESSIM	http://www.camara.gov.br/internet/deputado/bandep/73424.jpg	masculino	RJ	PP	709	3215-5709	dep.simaosessim@camara.gov.br	
160596	Titular	423	5830638	HEULER ABREU CRUVINEL	HEULER CRUVINEL	http://www.camara.gov.br/internet/deputado/bandep/160596.jpg	masculino	GO	PSD	536	3215-5536	dep.heulercruvinel@camara.gov.br	
178987	Titular	386	5830446	ORLANDO SILVA DE JESUS JUNIOR	ORLANDO SILVA	http://www.camara.gov.br/internet/deputado/bandep/178987.jpg	masculino	SP	PCdoB	923	3215-5923	dep.orlandosilva@camara.gov.br	
160628	Titular	153	5830532	LUCIANA BARBOSA DE OLIVEIRA SANTOS	LUCIANA SANTOS	http://www.camara.gov.br/internet/deputado/bandep/160628.jpg	feminino	PE	PCdoB	524	3215-5524	dep.lucianasantos@camara.gov.br	
178932	Titular	461	5830581	MARCELO BELINATI MARTINS	MARCELO BELINATI	http://www.camara.gov.br/internet/deputado/bandep/178932.jpg	masculino	PR	PP	268	3215-5268	dep.marcelobelinati@camara.gov.br	
178895	Titular	245	5830681	MISAEL ARTUR FERREIRA VARELLA	MISAEL VARELLA	http://www.camara.gov.br/internet/deputado/bandep/178895.jpg	masculino	MG	DEM	721	3215-5721	dep.misaelvarella@camara.gov.br	
152610	Titular	387	5830289	BENEDITO ROBERTO ALVES FERREIRA	ROBERTO ALVES	http://www.camara.gov.br/internet/deputado/bandep/152610.jpg	masculino	SP	PRB	946	3215-5946	dep.robertoalves@camara.gov.br	
178912	Titular	135	5830538	PEDRO OLIVEIRA CUNHA LIMA	PEDRO CUNHA LIMA	http://www.camara.gov.br/internet/deputado/bandep/178912.jpg	masculino	PB	PSDB	611	3215-5611	dep.pedrocunhalima@camara.gov.br	
160556	Titular	259	5830781	JOÃO CARLOS SIQUEIRA	PADRE JOÃO	http://www.camara.gov.br/internet/deputado/bandep/160556.jpg	masculino	MG	PT	743	3215-5743	dep.padrejoao@camara.gov.br	
141542	Titular	512	5830340	SÉRGIO IVAN MORAES	SÉRGIO MORAES	http://www.camara.gov.br/internet/deputado/bandep/141542.jpg	masculino	RS	PTB	258	3215-5258	dep.sergiomoraes@camara.gov.br	
67138	Titular	113	5830389	IRACEMA MARIA PORTELLA NUNES NOGUEIRA LIMA	IRACEMA PORTELLA	http://www.camara.gov.br/internet/deputado/bandep/67138.jpg	feminino	PI	PP	924	3215-5924	dep.iracemaportella@camara.gov.br	
141464	Titular	101	5830501	JOSÉ AIRTON FÉLIX CIRILO DA SILVA	JOSÉ AIRTON CIRILO	http://www.camara.gov.br/internet/deputado/bandep/141464.jpg	masculino	CE	PT	319	3215-5319	dep.joseairtoncirilo@camara.gov.br	
94931	Titular	205	5830430	LÚCIO QUADROS VIEIRA LIMA	LUCIO VIEIRA LIMA	http://www.camara.gov.br/internet/deputado/bandep/94931.jpg	masculino	BA	PMDB	612	3215-5612	dep.luciovieiralima@camara.gov.br	
76287	Titular	311	5830762	MARCELO VIVIANI GONÇALVES	MARCELO MATOS	http://www.camara.gov.br/internet/deputado/bandep/76287.jpg	masculino	RJ	PDT	579	3215-5579	dep.marcelomatos@camara.gov.br	
160570	Titular	505	5830478	JERÔNIMO PIZZOLOTTO GOERGEN	JERÔNIMO GOERGEN	http://www.camara.gov.br/internet/deputado/bandep/160570.jpg	masculino	RS	PP	316	3215-5316	dep.jeronimogoergen@camara.gov.br	
97707	Titular	115	5830716	HERÁCLITO DE SOUSA FORTES	HERÁCLITO FORTES	http://www.camara.gov.br/internet/deputado/bandep/97707.jpg	masculino	PI	PSB	708	3215-5708	dep.heraclitofortes@camara.gov.br	
160669	Titular	99	5830384	GENECIAS MATEUS NORONHA	GENECIAS NORONHA	http://www.camara.gov.br/internet/deputado/bandep/160669.jpg	masculino	CE	SD	244	3215-5244	dep.geneciasnoronha@camara.gov.br	
178931	Titular	457	5830407	LUCIANO DUCCI	LUCIANO DUCCI	http://www.camara.gov.br/internet/deputado/bandep/178931.jpg	masculino	PR	PSB	427	3215-5427	dep.lucianoducci@camara.gov.br	
178920	Titular	157	5830593	RICARDO TEOBALDO CAVALCANTI	RICARDO TEOBALDO 	http://www.camara.gov.br/internet/deputado/bandep/178920.jpg	masculino	PE	PTB	603	3215-5603	dep.ricardoteobaldo@camara.gov.br	
160509	Titular	476	5830670	JORGINHO DOS SANTOS MELLO	JORGINHO MELLO	http://www.camara.gov.br/internet/deputado/bandep/160509.jpg	masculino	SC	PR	329	3215-5329	dep.jorginhomello@camara.gov.br	
113247	Titular	393	5830355	VALMIR PRASCIDELLI	VALMIR PRASCIDELLI	http://www.camara.gov.br/internet/deputado/bandep/113247.jpg	masculino	SP	PT	837	3215-5837	dep.valmirprascidelli@camara.gov.br	
178856	Titular	200	5830693	JOAO GUALBERTO VASCONCELOS	JOÃO GUALBERTO	http://www.camara.gov.br/internet/deputado/bandep/178856.jpg	masculino	BA	PSDB	358	3215-5358	dep.joaogualberto@camara.gov.br	
160619	Titular	201	5830570	JOSÉ NUNES SOARES	JOSÉ NUNES	http://www.camara.gov.br/internet/deputado/bandep/160619.jpg	masculino	BA	PSD	728	3215-5728	dep.josenunes@camara.gov.br	
160592	Titular	468	5830576	JOSÉ CARLOS BECKER DE OLIVEIRA E SILVA	ZECA DIRCEU	http://www.camara.gov.br/internet/deputado/bandep/160592.jpg	masculino	PR	PT	613	3215-5613	dep.zecadirceu@camara.gov.br	
178956	Titular	51	5830624	MARIANA FONSECA RIBEIRO CARVALHO DE MORAES	MARIANA CARVALHO	http://www.camara.gov.br/internet/deputado/bandep/178956.jpg	feminino	RO	PSDB	508	3215-5508	dep.marianacarvalho@camara.gov.br	
160976	Titular	392	5830378	FRANCISCO EVERARDO OLIVEIRA SILVA	TIRIRICA	http://www.camara.gov.br/internet/deputado/bandep/160976.jpg	masculino	SP	PR	637	3215-5637	dep.tiririca@camara.gov.br	
160588	Titular	228	5830547	DIEGO LEONARDO DE ANDRADE CARVALHO	DIEGO ANDRADE	http://www.camara.gov.br/internet/deputado/bandep/160588.jpg	masculino	MG	PSD	307	3215-5307	dep.diegoandrade@camara.gov.br	
178852	Titular	12	5830524	MARCOS JOSE REATEGUI SOUZA	MARCOS REATEGUI	http://www.camara.gov.br/internet/deputado/bandep/178852.jpg	masculino	AP	PSC	344	3215-5344	dep.marcosreategui@camara.gov.br	
136811	Titular	487	5830647	JOSÉ ALFONSO EBERT HAMM	AFONSO HAMM	http://www.camara.gov.br/internet/deputado/bandep/136811.jpg	masculino	RS	PP	604	3215-5604	dep.afonsohamm@camara.gov.br	
74356	Titular	39	5830401	SILAS CÂMARA	SILAS CÂMARA	http://www.camara.gov.br/internet/deputado/bandep/74356.jpg	masculino	AM	PSD	532	3215-5532	dep.silascamara@camara.gov.br	
178902	Titular	440	5830424	JOSE ORCIRIO MIRANDA DOS SANTOS	ZECA DO PT	http://www.camara.gov.br/internet/deputado/bandep/178902.jpg	masculino	MS	PT	860	3215-5860	dep.zecadopt@camara.gov.br	
178888	Titular	82	5830507	CARLOS VICTOR GUTERRES MENDES	VICTOR MENDES	http://www.camara.gov.br/internet/deputado/bandep/178888.jpg	masculino	MA	PMB	580	3215-5580	dep.victormendes@camara.gov.br	
178957	Titular	1	5830756	ABEL SALVADOR MESQUITA JUNIOR	ABEL MESQUITA JR.	http://www.camara.gov.br/internet/deputado/bandep/178957.jpg	masculino	RR	PDT	248	3215-5248	dep.abelmesquitajr@camara.gov.br	
74057	Titular	180	5830470	ALICE MAZZUCO PORTUGAL	ALICE PORTUGAL	http://www.camara.gov.br/internet/deputado/bandep/74057.jpg	feminino	BA	PCdoB	420	3215-5420	dep.aliceportugal@camara.gov.br	
160426	Titular	413	5830553	ROGÉRIO SCHUMANN ROSSO	ROGÉRIO ROSSO	http://www.camara.gov.br/internet/deputado/bandep/160426.jpg	masculino	DF	PSD	283	3215-5283	dep.rogeriorosso@camara.gov.br	
141516	Titular	263	5830616	PAULO ABI-ACKEL	PAULO ABI-ACKEL	http://www.camara.gov.br/internet/deputado/bandep/141516.jpg	masculino	MG	PSDB	460	3215-5460	dep.pauloabiackel@camara.gov.br	
74848	Titular	305	5830367	JANDIRA FEGHALI	JANDIRA FEGHALI	http://www.camara.gov.br/internet/deputado/bandep/74848.jpg	feminino	RJ	PCdoB	622	3215-5622	dep.jandirafeghali@camara.gov.br	
74172	Titular	298	5830564	WANDERLEY ALVES DE OLIVEIRA	DELEY	http://www.camara.gov.br/internet/deputado/bandep/74172.jpg	masculino	RJ	PTB	742	3215-5742	dep.deley@camara.gov.br	
73666	Titular	419	5830361	JOVAIR DE OLIVEIRA ARANTES	JOVAIR ARANTES	http://www.camara.gov.br/internet/deputado/bandep/73666.jpg	masculino	GO	PTB	504	3215-5504	dep.jovairarantes@camara.gov.br	
178913	Titular	137	5830710	VENEZIANO VITAL DO RÊGO SEGUNDO NETO	VENEZIANO VITAL DO RÊGO	http://www.camara.gov.br/internet/deputado/bandep/178913.jpg	masculino	PB	PMDB	833	3215-5833	dep.venezianovitaldorego@camara.gov.br	
92346	Titular	352	5830315	EDUARDO NANTES BOLSONARO	EDUARDO BOLSONARO	http://www.camara.gov.br/internet/deputado/bandep/92346.jpg	masculino	SP	PSC	481	3215-5481	dep.eduardobolsonaro@camara.gov.br	
141487	Titular	256	5830610	LUIZ FERNANDO RAMOS FARIA	LUIZ FERNANDO FARIA	http://www.camara.gov.br/internet/deputado/bandep/141487.jpg	masculino	MG	PP	832	3215-5832	dep.luizfernandofaria@camara.gov.br	
93472	Titular	296	5830347	CRISTIANE BRASIL FRANCISCO	CRISTIANE BRASIL	http://www.camara.gov.br/internet/deputado/bandep/93472.jpg	feminino	RJ	PTB	644	3215-5644	dep.cristianebrasil@camara.gov.br	
178981	Titular	362	5830513	HERCULANO CASTILHO PASSOS JUNIOR	HERCULANO PASSOS	http://www.camara.gov.br/internet/deputado/bandep/178981.jpg	masculino	SP	PSD	926	3215-5926	dep.herculanopassos@camara.gov.br	
178897	Titular	260	5830584	RODRIGO OTAVIO SOARES PACHECO	RODRIGO PACHECO	http://www.camara.gov.br/internet/deputado/bandep/178897.jpg	masculino	MG	PMDB	720	3215-5720	dep.rodrigopacheco@camara.gov.br	
178847	Titular	37	5830441	ARTHUR VIRGILIO DO CARMO RIBEIRO BISNETO	ARTHUR VIRGÍLIO BISNETO	http://www.camara.gov.br/internet/deputado/bandep/178847.jpg	masculino	AM	PSDB	583	3215-5583	dep.arthurvirgiliobisneto@camara.gov.br	
141439	Titular	293	5830298	FRANCISCO JOSÉ D'ANGELO PINTO	CHICO D'ANGELO	http://www.camara.gov.br/internet/deputado/bandep/141439.jpg	masculino	RJ	PT	542	3215-5542	dep.chicodangelo@camara.gov.br	
74171	Titular	295	5830653	FRANCISCO RODRIGUES DE ALENCAR FILHO	CHICO ALENCAR	http://www.camara.gov.br/internet/deputado/bandep/74171.jpg	masculino	RJ	PSOL	848	3215-5848	dep.chicoalencar@camara.gov.br	
160541	Titular	162	5830321	ARTHUR CÉSAR PEREIRA DE LIRA	ARTHUR LIRA	http://www.camara.gov.br/internet/deputado/bandep/160541.jpg	masculino	AL	PP	942	3215-5942	dep.arthurlira@camara.gov.br	
141536	Titular	134	5830776	RÔMULO JOSÉ DE GOUVEIA	RÔMULO GOUVEIA	http://www.camara.gov.br/internet/deputado/bandep/141536.jpg	masculino	PB	PSD	411	3215-5411	dep.romulogouveia@camara.gov.br	
178832	Titular	453	5830676	LEANDRE DAL PONTE	LEANDRE	http://www.camara.gov.br/internet/deputado/bandep/178832.jpg	feminino	PR	PV	454	3215-5454	dep.leandre@camara.gov.br	
74352	Titular	31	5830421	NILSON PINTO DE OLIVEIRA	NILSON PINTO	http://www.camara.gov.br/internet/deputado/bandep/74352.jpg	masculino	PA	PSDB	527	3215-5527	dep.nilsonpinto@camara.gov.br	
160565	Titular	366	5830398	MARA CRISTINA GABRILLI	MARA GABRILLI	http://www.camara.gov.br/internet/deputado/bandep/160565.jpg	feminino	SP	PSDB	226	3215-5226	dep.maragabrilli@camara.gov.br	
141513	Titular	232	5830796	OLAVO BILAC PINTO NETO	BILAC PINTO	http://www.camara.gov.br/internet/deputado/bandep/141513.jpg	masculino	MG	PR	806	3215-5806	dep.bilacpinto@camara.gov.br	
160571	Titular	473	5830304	JOÃO RODRIGUES	JOÃO RODRIGUES	http://www.camara.gov.br/internet/deputado/bandep/160571.jpg	masculino	SC	PSD	503	3215-5503	dep.joaorodrigues@camara.gov.br	
74752	Titular	248	5830327	ODELMO LEÃO CARNEIRO SOBRINHO	ODELMO LEÃO	http://www.camara.gov.br/internet/deputado/bandep/74752.jpg	masculino	MG	PP	419	3215-5419	dep.odelmoleao@camara.gov.br	
73483	Titular	500	5830770	LUIS CARLOS HEINZE	LUIS CARLOS HEINZE	http://www.camara.gov.br/internet/deputado/bandep/73483.jpg	masculino	RS	PP	526	3215-5526	dep.luiscarlosheinze@camara.gov.br	
73535	Titular	363	5830590	JORGE TADEU MUDALEN	JORGE TADEU MUDALEN	http://www.camara.gov.br/internet/deputado/bandep/73535.jpg	masculino	SP	DEM	538	3215-5538	dep.jorgetadeumudalen@camara.gov.br	
160531	Titular	5	5830341	JOHNATHAN PEREIRA DE JESUS	JHONATAN DE JESUS	http://www.camara.gov.br/internet/deputado/bandep/160531.jpg	masculino	RR	PRB	535	3215-5535	dep.jhonatandejesus@camara.gov.br	
178863	Titular	220	5830447	ULDURICO ALENCAR PINTO	ULDURICO JUNIOR	http://www.camara.gov.br/internet/deputado/bandep/178863.jpg	masculino	BA	PTC	729	3215-5729	dep.ulduricojunior@camara.gov.br	
178894	Titular	234	5830484	LAUDIVIO ALVARENGA CARVALHO	LAUDIVIO CARVALHO	http://www.camara.gov.br/internet/deputado/bandep/178894.jpg	masculino	MG	PMDB	717	3215-5717	dep.laudiviocarvalho@camara.gov.br	
74163	Titular	275	5830639	CARLOS HUMBERTO MANNATO	CARLOS MANATO	http://www.camara.gov.br/internet/deputado/bandep/74163.jpg	masculino	ES	SD	313	3215-5313	dep.carlosmanato@camara.gov.br	
178837	Titular	52	5830541	RAIMUNDO ANGELIM VASCONCELOS	ANGELIM	http://www.camara.gov.br/internet/deputado/bandep/178837.jpg	masculino	AC	PT	543	3215-5543	dep.angelim@camara.gov.br	
73486	Titular	516	5830627	DARCI POMPEO DE MATTOS	POMPEO DE MATTOS	http://www.camara.gov.br/internet/deputado/bandep/73486.jpg	masculino	RS	PDT	704	3215-5704	dep.pompeodemattos@camara.gov.br	
74173	Titular	300	5830533	EDUARDO COSENTINO DA CUNHA	EDUARDO CUNHA	http://www.camara.gov.br/internet/deputado/bandep/74173.jpg	masculino	RJ	PMDB	510	3215-5510	dep.eduardocunha@camara.gov.br	
99654	Titular	194	5830292	ERIVELTON LIMA SANTANA	ERIVELTON SANTANA	http://www.camara.gov.br/internet/deputado/bandep/99654.jpg	masculino	BA	PSC	756	3215-5756	dep.eriveltonsantana@camara.gov.br	
74449	Titular	80	5830633	PEDRO FERNANDES RIBEIRO	PEDRO FERNANDES	http://www.camara.gov.br/internet/deputado/bandep/74449.jpg	masculino	MA	PTB	814	3215-5814	dep.pedrofernandes@camara.gov.br	
160561	Titular	375	5830782	JOSÉ OLIMPIO SILVEIRA MORAES	MISSIONÁRIO JOSÉ OLIMPIO	http://www.camara.gov.br/internet/deputado/bandep/160561.jpg	masculino	SP	PP	507	3215-5507	dep.missionariojoseolimpio@camara.gov.br	
146788	Titular	236	5830596	MARCELO GUILHERME DE ARO FERREIRA	MARCELO ARO	http://www.camara.gov.br/internet/deputado/bandep/146788.jpg	masculino	MG	PHS	280	3215-5280	dep.marceloaro@camara.gov.br	
178997	Titular	106	5830667	MOSES HAENDEL MELO RODRIGUES	MOSES RODRIGUES	http://www.camara.gov.br/internet/deputado/bandep/178997.jpg	masculino	CE	PPS	809	3215-5809	dep.mosesrodrigues@camara.gov.br	
74383	Titular	466	5830713	FERNANDO LÚCIO GIACOBO	GIACOBO	http://www.camara.gov.br/internet/deputado/bandep/74383.jpg	masculino	PR	PR	762	3215-5762	dep.giacobo@camara.gov.br	
160545	Titular	334	5830381	ALEXANDRE LEITE DA SILVA	ALEXANDRE LEITE	http://www.camara.gov.br/internet/deputado/bandep/160545.jpg	masculino	SP	DEM	841	3215-5841	dep.alexandreleite@camara.gov.br	
141440	Titular	88	5830690	FRANCISCO LOPES DA SILVA	CHICO LOPES	http://www.camara.gov.br/internet/deputado/bandep/141440.jpg	masculino	CE	PCdoB	310	3215-5310	dep.chicolopes@camara.gov.br	
73926	Titular	10	5830358	JANETE MARIA GÓES CAPIBERIBE	JANETE CAPIBERIBE	http://www.camara.gov.br/internet/deputado/bandep/73926.jpg	feminino	AP	PSB	209	3215-5209	dep.janetecapiberibe@camara.gov.br	
178866	Titular	98	5830427	LUIZIANNE DE OLIVEIRA LINS	LUIZIANNE LINS	http://www.camara.gov.br/internet/deputado/bandep/178866.jpg	feminino	CE	PT	713	3215-5713	dep.luiziannelins@camara.gov.br	
160632	Titular	271	5830504	JOSÉ SILVA SOARES	ZÉ SILVA	http://www.camara.gov.br/internet/deputado/bandep/160632.jpg	masculino	MG	SD	608	3215-5608	dep.zesilva@camara.gov.br	
179000	Titular	235	5830404	MARCELO HENRIQUE TEIXEIRA DIAS	MARCELO ÁLVARO ANTÔNIO	http://www.camara.gov.br/internet/deputado/bandep/179000.jpg	masculino	MG	PRP	824	3215-5824	dep.marceloalvaroantonio@camara.gov.br	
74688	Titular	313	5830521	LUIZ SÉRGIO NÓBREGA DE OLIVEIRA	LUIZ SÉRGIO	http://www.camara.gov.br/internet/deputado/bandep/74688.jpg	masculino	RJ	PT	409	3215-5409	dep.luizsergio@camara.gov.br	
73482	Titular	498	5830527	HENRIQUE FONTANA JÚNIOR	HENRIQUE FONTANA	http://www.camara.gov.br/internet/deputado/bandep/73482.jpg	masculino	RS	PT	256	3215-5256	dep.henriquefontana@camara.gov.br	
141434	Titular	54	5830742	FLAVIANO FLÁVIO BAPTISTA DE MELO	FLAVIANO MELO	http://www.camara.gov.br/internet/deputado/bandep/141434.jpg	masculino	AC	PMDB	224	3215-5224	dep.flavianomelo@camara.gov.br	
178953	Titular	44	5830550	EXPEDITO GONCALVES FERREIRA NETTO	EXPEDITO NETTO	http://www.camara.gov.br/internet/deputado/bandep/178953.jpg	masculino	RO	SD	943	3215-5943	dep.expeditonetto@camara.gov.br	
74651	Titular	226	5830719	CARLOS DO CARMO ANDRADE MELLES	CARLOS MELLES	http://www.camara.gov.br/internet/deputado/bandep/74651.jpg	masculino	MG	DEM	243	3215-5243	dep.carlosmelles@camara.gov.br	
178982	Titular	365	5830696	LUIZ LAURO FERREIRA FILHO	LUIZ LAURO FILHO	http://www.camara.gov.br/internet/deputado/bandep/178982.jpg	masculino	SP	PSB	519	3215-5519	dep.luizlaurofilho@camara.gov.br	
73466	Titular	460	5830573	RUBENS BUENO	RUBENS BUENO	http://www.camara.gov.br/internet/deputado/bandep/73466.jpg	masculino	PR	PPS	623	3215-5623	dep.rubensbueno@camara.gov.br	
141527	Titular	511	5830450	RENATO DELMAR MOLLING	RENATO MOLLING	http://www.camara.gov.br/internet/deputado/bandep/141527.jpg	masculino	RS	PP	337	3215-5337	dep.renatomolling@camara.gov.br	
178834	Titular	185	5830613	ADALBERTO SOUZA GALVÃO	BEBETO	http://www.camara.gov.br/internet/deputado/bandep/178834.jpg	masculino	BA	PSB	541	3215-5541	dep.bebeto@camara.gov.br	
178831	Titular	9	5830650	ANDRE DOS SANTOS ABDON	ANDRÉ ABDON	http://www.camara.gov.br/internet/deputado/bandep/178831.jpg	masculino	AP	PRB	831	3215-5831	dep.andreabdon@camara.gov.br	
178985	Titular	378	5830556	MIGUEL LOMBARDI	MIGUEL LOMBARDI	http://www.camara.gov.br/internet/deputado/bandep/178985.jpg	masculino	SP	PR	835	3215-5835	dep.miguellombardi@camara.gov.br	
74359	Titular	47	5830458	NILTON BALBINO	NILTON CAPIXABA	http://www.camara.gov.br/internet/deputado/bandep/74359.jpg	masculino	RO	PTB	724	3215-5724	dep.niltoncapixaba@camara.gov.br	
141484	Titular	29	5830567	LÚCIO DUTRA VALE	LÚCIO VALE	http://www.camara.gov.br/internet/deputado/bandep/141484.jpg	masculino	PA	PR	822	3215-5822	dep.luciovale@camara.gov.br	
134812	Titular	27	5830604	EDMILSON BRITO RODRIGUES	EDMILSON RODRIGUES	http://www.camara.gov.br/internet/deputado/bandep/134812.jpg	masculino	PA	PSOL	301	3215-5301	dep.edmilsonrodrigues@camara.gov.br	
178898	Titular	266	5830759	SERGIO LUCIO DE ALMEIDA	TENENTE LÚCIO	http://www.camara.gov.br/internet/deputado/bandep/178898.jpg	masculino	MG	PSB	239	3215-5239	dep.tenentelucio@camara.gov.br	
160515	Titular	484	5830753	RONALDO JOSÉ BENEDET	RONALDO BENEDET	http://www.camara.gov.br/internet/deputado/bandep/160515.jpg	masculino	SC	PMDB	918	3215-5918	dep.ronaldobenedet@camara.gov.br	
73447	Titular	344	5830510	EDSON EDINHO COELHO ARAÚJO	EDINHO ARAÚJO	http://www.camara.gov.br/internet/deputado/bandep/73447.jpg	masculino	SP	PMDB	418	3215-5418	dep.edinhoaraujo@camara.gov.br	
162332	Titular	459	5830410	LUIZ HILOSHI NISHIMORI	LUIZ NISHIMORI	http://www.camara.gov.br/internet/deputado/bandep/162332.jpg	masculino	PR	PR	907	3215-5907	dep.luiznishimori@camara.gov.br	
74693	Titular	322	5830464	RODRIGO FELINTO IBARRA EPITÁCIO MAIA	RODRIGO MAIA	http://www.camara.gov.br/internet/deputado/bandep/74693.jpg	masculino	RJ	DEM	308	3215-5308	dep.rodrigomaia@camara.gov.br	
160677	Titular	297	5830707	FRANCISCO FLORIANO DE SOUSA SILVA	FRANCISCO FLORIANO	http://www.camara.gov.br/internet/deputado/bandep/160677.jpg	masculino	RJ	PR	719	3215-5719	dep.franciscofloriano@camara.gov.br	
178914	Titular	138	5830364	ADALBERTO CAVALCANTI RODRIGUES	ADALBERTO CAVALCANTI	http://www.camara.gov.br/internet/deputado/bandep/178914.jpg	masculino	PE	PTB	402	3215-5402	dep.adalbertocavalcanti@camara.gov.br	
74537	Titular	186	5830679	CLÁUDIO CAJADO SAMPAIO	CLAUDIO CAJADO	http://www.camara.gov.br/internet/deputado/bandep/74537.jpg	masculino	BA	DEM	630	3215-5630	dep.claudiocajado@camara.gov.br	
160610	Titular	218	5830418	VALMIR CARLOS DA ASSUNÇÃO	VALMIR ASSUNÇÃO	http://www.camara.gov.br/internet/deputado/bandep/160610.jpg	masculino	BA	PT	739	3215-5739	dep.valmirassuncao@camara.gov.br	
160532	Titular	345	5830750	ADRIANO ELI CORRÊA	ELI CORRÊA FILHO	http://www.camara.gov.br/internet/deputado/bandep/160532.jpg	masculino	SP	DEM	850	3215-5850	dep.elicorreafilho@camara.gov.br	
178855	Titular	199	5830324	ANTONIO LAZARO SILVA	IRMÃO LAZARO	http://www.camara.gov.br/internet/deputado/bandep/178855.jpg	masculino	BA	PSC	467	3215-5467	dep.irmaolazaro@camara.gov.br	
178975	Titular	342	5830607	LUIZ FELIPE BALEIA TENUTO ROSSI	BALEIA ROSSI	http://www.camara.gov.br/internet/deputado/bandep/178975.jpg	masculino	SP	PMDB	829	3215-5829	dep.baleiarossi@camara.gov.br	
178884	Titular	74	5830656	HILDO AUGUSTO DA ROCHA NETO	HILDO ROCHA	http://www.camara.gov.br/internet/deputado/bandep/178884.jpg	masculino	MA	PMDB	734	3215-5734	dep.hildorocha@camara.gov.br	
178865	Titular	94	5830773	FLAVIO ALVES SABINO	CABO SABINO	http://www.camara.gov.br/internet/deputado/bandep/178865.jpg	masculino	CE	PR	617	3215-5617	dep.cabosabino@camara.gov.br	
164360	Titular	477	5830630	CARMEN EMÍLIA BONFÁ ZANOTTO	CARMEN ZANOTTO	http://www.camara.gov.br/internet/deputado/bandep/164360.jpg	feminino	SC	PPS	240	3215-5240	dep.carmenzanotto@camara.gov.br	
74158	Titular	239	5830467	MÁRIO LÚCIO HERINGER	MÁRIO HERINGER	http://www.camara.gov.br/internet/deputado/bandep/74158.jpg	masculino	MG	PDT	211	3215-5211	dep.marioheringer@camara.gov.br	
160543	Titular	174	5830799	ANDRÉ LUIS DANTAS FERREIRA	ANDRE MOURA	http://www.camara.gov.br/internet/deputado/bandep/160543.jpg	masculino	SE	PSC	846	3215-5846	dep.andremoura@camara.gov.br	
74043	Titular	136	5830395	JOSÉ WELLINGTON ROBERTO	WELLINGTON ROBERTO	http://www.camara.gov.br/internet/deputado/bandep/74043.jpg	masculino	PB	PR	514	3215-5514	dep.wellingtonroberto@camara.gov.br	
81232	Titular	65	5830444	IRAJÁ SILVESTRE FILHO	IRAJÁ ABREU	http://www.camara.gov.br/internet/deputado/bandep/81232.jpg	masculino	TO	PSD	802	3215-5802	dep.irajaabreu@camara.gov.br	
67312	Titular	34	5830699	JULIA MARIA GODINHO DA CRUZ MARINHO	JÚLIA MARINHO	http://www.camara.gov.br/internet/deputado/bandep/67312.jpg	feminino	PA	PSC	707	3215-5707	dep.juliamarinho@camara.gov.br	
171617	Titular	170	5830375	PAULO FERNANDO DOS SANTOS	PAULÃO	http://www.camara.gov.br/internet/deputado/bandep/171617.jpg	masculino	AL	PT	366	3215-5366	dep.paulao@camara.gov.br	
178868	Titular	107	5830301	LUIZ ODORICO MONTEIRO DE ANDRADE	ODORICO MONTEIRO	http://www.camara.gov.br/internet/deputado/bandep/178868.jpg	masculino	CE	PT	582	3215-5582	dep.odoricomonteiro@camara.gov.br	
178933	Titular	467	5830722	SERGIO DE SOUZA	SERGIO SOUZA 	http://www.camara.gov.br/internet/deputado/bandep/178933.jpg	masculino	PR	PMDB	702	3215-5702	dep.sergiosouza@camara.gov.br	
74467	Titular	127	5830673	DAMIÃO FELICIANO DA SILVA	DAMIÃO FELICIANO	http://www.camara.gov.br/internet/deputado/bandep/74467.jpg	masculino	PB	PDT	938	3215-5938	dep.damiaofeliciano@camara.gov.br	
178973	Titular	332	5830779	ANA LUCIA LIPPAUS PERUGINI	ANA PERUGINI	http://www.camara.gov.br/internet/deputado/bandep/178973.jpg	feminino	SP	PT	436	3215-5436	dep.anaperugini@camara.gov.br	
73781	Titular	458	5830544	NELSON MEURER	NELSON MEURER	http://www.camara.gov.br/internet/deputado/bandep/73781.jpg	masculino	PR	PP	916	3215-5916	dep.nelsonmeurer@camara.gov.br	
178974	Titular	341	5830481	ANDRES NAVARRO SANCHEZ	ANDRES SANCHEZ	http://www.camara.gov.br/internet/deputado/bandep/178974.jpg	masculino	SP	PT	939	3215-5939	dep.andressanchez@camara.gov.br	
178978	Titular	357	5830493	FLAVIO AUGUSTO DA SILVA	FLAVINHO	http://www.camara.gov.br/internet/deputado/bandep/178978.jpg	masculino	SP	PSB	379	3215-5379	dep.flavinho@camara.gov.br	
74459	Titular	109	5830530	ÁTILA FREITAS LIRA	ÁTILA LIRA	http://www.camara.gov.br/internet/deputado/bandep/74459.jpg	masculino	PI	PSB	640	3215-5640	dep.atilalira@camara.gov.br	
66828	Titular	355	5830338	FAUSTO RUY PINATO	FAUSTO PINATO	http://www.camara.gov.br/internet/deputado/bandep/66828.jpg	masculino	SP	PRB	562	3215-5562	dep.faustopinato@camara.gov.br	
178950	Titular	121	5830587	ANTONIO JACOME DE LIMA JUNIOR	ANTÔNIO JÁCOME	http://www.camara.gov.br/internet/deputado/bandep/178950.jpg	masculino	RN	PMN	230	3215-5230	dep.antoniojacome@camara.gov.br	
160622	Titular	395	5830344	VICENTE CÂNDIDO DA SILVA	VICENTE CANDIDO	http://www.camara.gov.br/internet/deputado/bandep/160622.jpg	masculino	SP	PT	819	3215-5819	dep.vicentecandido@camara.gov.br	
177282	Titular	273	5830736	LUIZ GONZAGA RIBEIRO	SUBTENENTE GONZAGA	http://www.camara.gov.br/internet/deputado/bandep/177282.jpg	masculino	MG	PDT	750	3215-5750	dep.subtenentegonzaga@camara.gov.br	
160659	Titular	356	5830730	IOLANDA KEIKO MIASHIRO OTA	KEIKO OTA	http://www.camara.gov.br/internet/deputado/bandep/160659.jpg	feminino	SP	PSB	523	3215-5523	dep.keikoota@camara.gov.br	
74585	Titular	243	5830687	LINCOLN DINIZ PORTELA	LINCOLN PORTELA	http://www.camara.gov.br/internet/deputado/bandep/74585.jpg	masculino	MG	PR	615	3215-5615	dep.lincolnportela@camara.gov.br	
178926	Titular	117	5830636	RODRIGO RODRIGUES DE SOUZA MARTINS	RODRIGO MARTINS	http://www.camara.gov.br/internet/deputado/bandep/178926.jpg	masculino	PI	PSB	558	3215-5558	dep.rodrigomartins@camara.gov.br	
160642	Titular	155	5830387	FRANCISCO EURICO DA SILVA	PASTOR EURICO	http://www.camara.gov.br/internet/deputado/bandep/160642.jpg	masculino	PE	PSB	906	3215-5906	dep.pastoreurico@camara.gov.br	
178992	Titular	399	5830438	VITOR LIPPI	VITOR LIPPI	http://www.camara.gov.br/internet/deputado/bandep/178992.jpg	masculino	SP	PSDB	823	3215-5823	dep.vitorlippi@camara.gov.br	
73434	Titular	337	5830487	ARNALDO FARIA DE SÁ	ARNALDO FARIA DE SÁ	http://www.camara.gov.br/internet/deputado/bandep/73434.jpg	masculino	SP	PTB	929	3215-5929	dep.arnaldofariadesa@camara.gov.br	
74765	Suplente	526	5830809	SILAS BRASILEIRO	SILAS BRASILEIRO	http://www.camara.gov.br/internet/deputado/bandep/74765.jpg	masculino	MG	PMDB	382	3215-5382	dep.silasbrasileiro@camara.gov.br	
137853	Suplente	527	5830810	WADSON NATHANIEL RIBEIRO	WADSON RIBEIRO	http://www.camara.gov.br/internet/deputado/bandep/137853.jpg	masculino	MG	PCdoB	556	3215-5556	dep.wadsonribeiro@camara.gov.br	
160665	Suplente	528	5830811	AUGUSTO RODRIGUES COUTINHO DE MELO	AUGUSTO COUTINHO 	http://www.camara.gov.br/internet/deputado/bandep/160665.jpg	masculino	PE	SD	373	3215-5373	dep.augustocoutinho@camara.gov.br	
92699	Suplente	529	5830812	FERNANDO MONTEIRO DE ALBUQUERQUE	FERNANDO MONTEIRO	http://www.camara.gov.br/internet/deputado/bandep/92699.jpg	masculino	PE	PP	282	3215-5282	dep.fernandomonteiro@camara.gov.br	
74474	Suplente	530	5830813	CARLOS EDUARDO CINTRA DA COSTA PEREIRA	CARLOS EDUARDO CADOCA	http://www.camara.gov.br/internet/deputado/bandep/74474.jpg	masculino	PE	PCdoB	423	3215-5423	dep.carloseduardocadoca@camara.gov.br	
141563	Suplente	533	5830825	WILLIAM BOSS WOO	WILLIAM WOO	http://www.camara.gov.br/internet/deputado/bandep/141563.jpg	masculino	SP	PV	235	3215-5235	dep.williamwoo@camara.gov.br	
160631	Suplente	535	5830826	WALNEY DA ROCHA CARVALHO	WALNEY ROCHA	http://www.camara.gov.br/internet/deputado/bandep/160631.jpg	masculino	RJ	PTB	585	3215-5585	dep.walneyrocha@camara.gov.br	
181315	Suplente	536	5830827	MARCOS DA ROCHA MENDES	MARQUINHO MENDES	http://www.camara.gov.br/internet/deputado/bandep/181315.jpg	masculino	RJ	PMDB	727	3215-5727	dep.marquinhomendes@camara.gov.br	
73568	Suplente	537	5830828	CELSO ALENCAR RAMOS JACOB	CELSO JACOB	http://www.camara.gov.br/internet/deputado/bandep/73568.jpg	masculino	RJ	PMDB	917	3215-5917	dep.celsojacob@camara.gov.br	
124411	Suplente	540	5830831	MAURO PEREIRA	MAURO PEREIRA	http://www.camara.gov.br/internet/deputado/bandep/124411.jpg	masculino	RS	PMDB	843	3215-5843	dep.mauropereira@camara.gov.br	
131966	Suplente	539	5830830	JOSÉ ALBERTO FOGAÇA DE MEDEIROS	JOSÉ FOGAÇA 	http://www.camara.gov.br/internet/deputado/bandep/131966.jpg	masculino	RS	PMDB	376	3215-5376	dep.josefogaca@camara.gov.br	
73805	Suplente	546	5830837	ROBERTO JOÃO PEREIRA FREIRE	ROBERTO FREIRE	http://www.camara.gov.br/internet/deputado/bandep/73805.jpg	masculino	SP	PPS	242	3215-5242	dep.robertofreire@camara.gov.br	
160582	Titular	548	5830840	JOSÉ ALBERTO OLIVEIRA VELOSO FILHO	ALBERTO FILHO	http://www.camara.gov.br/internet/deputado/bandep/160582.jpg	masculino	MA	PMDB	350	3215-5350	dep.albertofilho@camara.gov.br	
151965	Suplente	549	5830841	JOSÉ DE ANDRADE MAIA FILHO	MAINHA	http://www.camara.gov.br/internet/deputado/bandep/151965.jpg	masculino	PI	SD	624	3215-5624	dep.mainha@camara.gov.br	
189593	Suplente	550	5830842	WADIH NEMER DAMOUS FILHO	WADIH DAMOUS	http://www.camara.gov.br/internet/deputado/bandep/189593.jpg	masculino	RJ	PT	483	3215-5483	dep.wadihdamous@camara.gov.br	
74048	Suplente	541	5830832	RAUL BELENS JUNGMANN PINTO	RAUL JUNGMANN	http://www.camara.gov.br/internet/deputado/bandep/74048.jpg	masculino	PE	PPS	754	3215-5754	dep.rauljungmann@camara.gov.br	
74308	Suplente	553	5830845	VICENTE FERREIRA DE ARRUDA COELHO	VICENTE ARRUDA	http://www.camara.gov.br/internet/deputado/bandep/74308.jpg	masculino	CE	PROS	522	3215-5522	dep.vicentearruda@camara.gov.br	
73584	Suplente	519	5830802	ANTONIO CARLOS DE MENDES THAME	ANTONIO CARLOS MENDES THAME	http://www.camara.gov.br/internet/deputado/bandep/73584.jpg	masculino	SP	PSDB	915	3215-5915	dep.antoniocarlosmendesthame@camara.gov.br	
74277	Suplente	521	5830804	ANTONIO ADOLPHO LOBBE NETO	LOBBE NETO	http://www.camara.gov.br/internet/deputado/bandep/74277.jpg	masculino	SP	PSDB	275	3215-5275	dep.lobbeneto@camara.gov.br	
101309	Suplente	525	5830808	DAVIDSON DE MAGALHÃES SANTOS	DAVIDSON MAGALHÃES	http://www.camara.gov.br/internet/deputado/bandep/101309.jpg	masculino	BA	PCdoB	826	3215-5826	dep.davidsonmagalhaes@camara.gov.br	
74372	Suplente	524	5830807	JOÃO SANDES JÚNIOR	SANDES JÚNIOR	http://www.camara.gov.br/internet/deputado/bandep/74372.jpg	masculino	GO	PP	941	3215-5941	dep.sandesjunior@camara.gov.br	
73793	Suplente	532	5830818	EDSON BEZ DE OLIVEIRA	EDINHO BEZ	http://www.camara.gov.br/internet/deputado/bandep/73793.jpg	masculino	SC	PMDB	703	3215-5703	dep.edinhobez@camara.gov.br	
133374	Suplente	520	5830803	ADEMIR CAMILO PRATES RODRIGUES	ADEMIR CAMILO	http://www.camara.gov.br/internet/deputado/bandep/133374.jpg	masculino	MG	PROS	804	3215-5804	dep.ademircamilo@camara.gov.br	
160676	Suplente	523	5830806	FERNANDO DANTAS TORRES	FERNANDO TORRES	http://www.camara.gov.br/internet/deputado/bandep/160676.jpg	masculino	BA	PSD	642	3215-5642	dep.fernandotorres@camara.gov.br	
74095	Titular	40	5830374	PAUDERNEY TOMAZ AVELINO	PAUDERNEY AVELINO	http://www.camara.gov.br/internet/deputado/bandep/74095.jpg	masculino	AM	DEM	610	3215-5610	dep.pauderneyavelino@camara.gov.br	
74075	Titular	21	5830325	ELCIONE THEREZINHA ZAHLUTH BARBALHO	ELCIONE BARBALHO	http://www.camara.gov.br/internet/deputado/bandep/74075.jpg	feminino	PA	PMDB	919	3215-5919	dep.elcionebarbalho@camara.gov.br	
178873	Titular	279	5830351	HELDER IGNACIO SALOMAO	HELDER SALOMÃO	http://www.camara.gov.br/internet/deputado/bandep/178873.jpg	masculino	ES	PT	573	3215-5573	dep.heldersalomao@camara.gov.br	
178989	Titular	330	5830772	RENATA HELLMEISTER DE ABREU	RENATA ABREU	http://www.camara.gov.br/internet/deputado/bandep/178989.jpg	feminino	SP	PTN	726	3215-5726	dep.renataabreu@camara.gov.br	
148134	Titular	406	5830388	VICTORIO GALLI FILHO	PROFESSOR VICTÓRIO GALLI	http://www.camara.gov.br/internet/deputado/bandep/148134.jpg	masculino	MT	PSC	539	3215-5539	dep.professorvictoriogalli@camara.gov.br	
178906	Titular	20	5830637	ROBERTO SALAME FILHO	BETO SALAME	http://www.camara.gov.br/internet/deputado/bandep/178906.jpg	masculino	PA	PROS	473	3215-5473	dep.betosalame@camara.gov.br	
141394	Titular	146	5830294	BRUNO CAVALCANTI DE ARAÚJO	BRUNO ARAÚJO	http://www.camara.gov.br/internet/deputado/bandep/141394.jpg	masculino	PE	PSDB	718	3215-5718	dep.brunoaraujo@camara.gov.br	
141458	Titular	187	5830780	JOÃO CARLOS PAOLILO BACELAR FILHO	JOÃO CARLOS BACELAR	http://www.camara.gov.br/internet/deputado/bandep/141458.jpg	masculino	BA	PR	928	3215-5928	dep.joaocarlosbacelar@camara.gov.br	
159238	Titular	254	5830743	MARCUS VINÍCIUS CAETANO PESTANA DA SILVA	MARCUS PESTANA	http://www.camara.gov.br/internet/deputado/bandep/159238.jpg	masculino	MG	PSDB	715	3215-5715	dep.marcuspestana@camara.gov.br	
160611	Titular	264	5830792	ANTÔNIO PINHEIRO JÚNIOR	TONINHO PINHEIRO	http://www.camara.gov.br/internet/deputado/bandep/160611.jpg	masculino	MG	PP	584	3215-5584	dep.toninhopinheiro@camara.gov.br	
178928	Titular	442	5830531	CHRISTIANE DE SOUZA YARED	CHRISTIANE DE SOUZA YARED	http://www.camara.gov.br/internet/deputado/bandep/178928.jpg	feminino	PR	PTN	201	3215-5201	dep.christianedesouzayared@camara.gov.br	
178891	Titular	225	5830543	CAIO NARCIO RODRIGUES DA SILVEIRA	CAIO NARCIO	http://www.camara.gov.br/internet/deputado/bandep/178891.jpg	masculino	MG	PSDB	431	3215-5431	dep.caionarcio@camara.gov.br	
178845	Titular	173	5830580	RONALDO AUGUSTO LESSA SANTOS	RONALDO LESSA	http://www.camara.gov.br/internet/deputado/bandep/178845.jpg	masculino	AL	PDT	722	3215-5722	dep.ronaldolessa@camara.gov.br	
74161	Titular	272	5830494	REGINALDO LÁZARO DE OLIVEIRA LOPES	REGINALDO LOPES	http://www.camara.gov.br/internet/deputado/bandep/74161.jpg	masculino	MG	PT	426	3215-5426	dep.reginaldolopes@camara.gov.br	
178954	Titular	46	5830729	LUCIO ANTONIO MOSQUINI	LUCIO MOSQUINI	http://www.camara.gov.br/internet/deputado/bandep/178954.jpg	masculino	RO	PMDB	581	3215-5581	dep.luciomosquini@camara.gov.br	
178907	Titular	28	5830337	FRANCISCO ALVES DE AGUIAR	FRANCISCO CHAPADINHA	http://www.camara.gov.br/internet/deputado/bandep/178907.jpg	masculino	PA	PSD	385	3215-5385	dep.franciscochapadinha@camara.gov.br	
122466	Titular	91	5830437	RONALDO MANCHADO MARTINS	RONALDO MARTINS	http://www.camara.gov.br/internet/deputado/bandep/122466.jpg	masculino	CE	PRB	568	3215-5568	dep.ronaldomartins@camara.gov.br	
141417	Titular	2	5830686	ÉDIO VIEIRA LOPES	EDIO LOPES	http://www.camara.gov.br/internet/deputado/bandep/141417.jpg	masculino	RR	PMDB	408	3215-5408	dep.ediolopes@camara.gov.br	
178988	Titular	364	5830586	JOAO PAULO TAVARES PAPA	JOÃO PAULO PAPA	http://www.camara.gov.br/internet/deputado/bandep/178988.jpg	masculino	SP	PSDB	476	3215-5476	dep.joaopaulopapa@camara.gov.br	
141500	Titular	257	5830537	MARCOS MONTES CORDEIRO	MARCOS MONTES	http://www.camara.gov.br/internet/deputado/bandep/141500.jpg	masculino	MG	PSD	334	3215-5334	dep.marcosmontes@camara.gov.br	
178990	Titular	389	5830477	SAMUEL MOREIRA DA SILVA JUNIOR	SAMUEL MOREIRA	http://www.camara.gov.br/internet/deputado/bandep/178990.jpg	masculino	SP	PSDB	921	3215-5921	dep.samuelmoreira@camara.gov.br	
150418	Titular	212	5830454	MÁRCIO CARLOS MARINHO	MÁRCIO MARINHO	http://www.camara.gov.br/internet/deputado/bandep/150418.jpg	masculino	BA	PRB	326	3215-5326	dep.marciomarinho@camara.gov.br	
74299	Titular	96	5830786	JOSÉ LEÔNIDAS DE MENEZES CRISTINO	LEÔNIDAS CRISTINO	http://www.camara.gov.br/internet/deputado/bandep/74299.jpg	masculino	CE	PROS	948	3215-5948	dep.leonidascristino@camara.gov.br	
178850	Titular	43	5830431	MARCOS SERGIO ROTTA	MARCOS ROTTA	http://www.camara.gov.br/internet/deputado/bandep/178850.jpg	masculino	AM	PMDB	333	3215-5333	dep.marcosrotta@camara.gov.br	
118594	Titular	369	5830594	MARCELO SQUASSONI	MARCELO SQUASSONI	http://www.camara.gov.br/internet/deputado/bandep/118594.jpg	masculino	SP	PRB	550	3215-5550	dep.marcelosquassoni@camara.gov.br	
160621	Titular	465	5830763	SANDRO ALEX CRUZ DE OLIVEIRA	SANDRO ALEX	http://www.camara.gov.br/internet/deputado/bandep/160621.jpg	masculino	PR	PPS	221	3215-5221	dep.sandroalex@camara.gov.br	
74319	Titular	118	5830740	JOSÉ FRANCISCO PAES LANDIM	PAES LANDIM	http://www.camara.gov.br/internet/deputado/bandep/74319.jpg	masculino	PI	PTB	648	3215-5648	dep.paeslandim@camara.gov.br	
141384	Titular	183	5830408	ANTÔNIO CARLOS VALADARES FILHO	VALADARES FILHO	http://www.camara.gov.br/internet/deputado/bandep/141384.jpg	masculino	SE	PSB	660	3215-5660	dep.valadaresfilho@camara.gov.br	
160604	Titular	481	5830617	PEDRO FRANCISCO UCZAI	PEDRO UCZAI	http://www.camara.gov.br/internet/deputado/bandep/160604.jpg	masculino	SC	PT	229	3215-5229	dep.pedrouczai@camara.gov.br	
178851	Titular	11	5830308	JOZIANE ARAUJO NASCIMENTO ROCHA	JOZI ARAÚJO	http://www.camara.gov.br/internet/deputado/bandep/178851.jpg	feminino	AP	PTB	309	3215-5309	dep.joziaraujo@camara.gov.br	
178959	Titular	4	5830646	HIRAN MANUEL GONCALVES DA SILVA	HIRAN GONÇALVES	http://www.camara.gov.br/internet/deputado/bandep/178959.jpg	masculino	RR	PMN	274	3215-5274	dep.hirangoncalves@camara.gov.br	
112437	Titular	76	5830331	JOÃO MARCELO SANTOS SOUZA	JOÃO MARCELO SOUZA	http://www.camara.gov.br/internet/deputado/bandep/112437.jpg	masculino	MA	PMDB	639	3215-5639	dep.joaomarcelosouza@camara.gov.br	
74400	Titular	513	5830669	PAULO ROBERTO SEVERO PIMENTA	PAULO PIMENTA	http://www.camara.gov.br/internet/deputado/bandep/74400.jpg	masculino	RS	PT	552	3215-5552	dep.paulopimenta@camara.gov.br	
73714	Titular	77	5830354	José Reinaldo Carneiro Tavares	JOSÉ REINALDO	http://www.camara.gov.br/internet/deputado/bandep/73714.jpg	masculino	MA	PSB	529	3215-5529	dep.josereinaldo@camara.gov.br	
178963	Titular	493	5830523	LUIS ANTONIO FRANCISCATTO COVATTI	COVATTI FILHO	http://www.camara.gov.br/internet/deputado/bandep/178963.jpg	masculino	RS	PP	228	3215-5228	dep.covattifilho@camara.gov.br	
141430	Titular	301	5830600	FELIPE LEONE BORNIER DE OLIVEIRA	FELIPE BORNIER	http://www.camara.gov.br/internet/deputado/bandep/141430.jpg	masculino	RJ	PSD	216	3215-5216	dep.felipebornier@camara.gov.br	
74388	Titular	474	5830500	JORGE CATARINO LEONARDELI BOEIRA	JORGE BOEIRA	http://www.camara.gov.br/internet/deputado/bandep/74388.jpg	masculino	SC	PP	342	3215-5342	dep.jorgeboeira@camara.gov.br	
178830	Titular	351	5830623	SINVAL MALHEIROS PINTO JÚNIOR	DR. SINVAL MALHEIROS	http://www.camara.gov.br/internet/deputado/bandep/178830.jpg	masculino	SP	PV	520	3215-5520	dep.dr.sinvalmalheiros@camara.gov.br	
160607	Titular	506	5830377	JOSE LUIZ STÉDILE	JOSE STÉDILE	http://www.camara.gov.br/internet/deputado/bandep/160607.jpg	masculino	RS	PSB	354	3215-5354	dep.josestedile@camara.gov.br	
167722	Titular	49	5830471	MARCOS ROGÉRIO DA SILVA BRITO	MARCOS ROGÉRIO	http://www.camara.gov.br/internet/deputado/bandep/167722.jpg	masculino	RO	PDT	930	3215-5930	dep.marcosrogerio@camara.gov.br	
141515	Titular	316	5830554	OTAVIO SANTOS SILVA LEITE	OTAVIO LEITE	http://www.camara.gov.br/internet/deputado/bandep/141515.jpg	masculino	RJ	PSDB	225	3215-5225	dep.otavioleite@camara.gov.br	
141421	Titular	156	5830517	EDUARDO HENRIQUE DA FONTE DE ALBUQUERQUE SILVA	EDUARDO DA FONTE	http://www.camara.gov.br/internet/deputado/bandep/141421.jpg	masculino	PE	PP	628	3215-5628	dep.eduardodafonte@camara.gov.br	
178890	Suplente	221	5830314	ADELMO CARNEIRO LEAO	ADELMO CARNEIRO LEÃO	http://www.camara.gov.br/internet/deputado/bandep/178890.jpg	masculino	MG	PT	231	3215-5231	dep.adelmocarneiroleao@camara.gov.br	
178947	Titular	329	5830563	SOSTENES SILVA CAVALCANTE	SÓSTENES CAVALCANTE	http://www.camara.gov.br/internet/deputado/bandep/178947.jpg	masculino	RJ	PSD	560	3215-5560	dep.sostenescavalcante@camara.gov.br	
178859	Titular	210	5830663	MOEMA ISABEL PASSOS GRAMACHO	MOEMA GRAMACHO	http://www.camara.gov.br/internet/deputado/bandep/178859.jpg	feminino	BA	PT	576	3215-5576	dep.moemagramacho@camara.gov.br	
74177	Titular	50	5830657	MARINHA CÉLIA ROCHA RAUPP DE MATOS	MARINHA RAUPP	http://www.camara.gov.br/internet/deputado/bandep/74177.jpg	feminino	RO	PMDB	614	3215-5614	dep.marinharaupp@camara.gov.br	
178857	Titular	204	5830414	JORGE JOSE SANTOS PEREIRA SOLLA	JORGE SOLLA	http://www.camara.gov.br/internet/deputado/bandep/178857.jpg	masculino	BA	PT	571	3215-5571	dep.jorgesolla@camara.gov.br	
141445	Titular	503	5830709	GILBERTO JOSÉ SPIER VARGAS	PEPE VARGAS	http://www.camara.gov.br/internet/deputado/bandep/141445.jpg	masculino	RS	PT	858	3215-5858	dep.pepevargas@camara.gov.br	
160630	Titular	409	5830560	SÁGUAS MORAES SOUSA	SÁGUAS MORAES	http://www.camara.gov.br/internet/deputado/bandep/160630.jpg	masculino	MT	PT	371	3215-5371	dep.saguasmoraes@camara.gov.br	
160552	Titular	495	5830726	DANRLEI DE DEUS HINTERHOLZ	DANRLEI DE DEUS HINTERHOLZ	http://www.camara.gov.br/internet/deputado/bandep/160552.jpg	masculino	RS	PSD	566	3215-5566	dep.danrleidedeushinterholz@camara.gov.br	
178917	Titular	149	5830583	JOAO FERNANDO PONTUAL COUTINHO	JOÃO FERNANDO COUTINHO	http://www.camara.gov.br/internet/deputado/bandep/178917.jpg	masculino	PE	PSB	567	32155567	dep.joaofernandocoutinho@camara.gov.br	
132504	Titular	449	5830348	ENIO JOSÉ VERRI	ENIO VERRI	http://www.camara.gov.br/internet/deputado/bandep/132504.jpg	masculino	PR	PT	472	3215-5472	dep.enioverri@camara.gov.br	
160640	Titular	242	5830677	EROS FERREIRA BIONDINI	EROS BIONDINI	http://www.camara.gov.br/internet/deputado/bandep/160640.jpg	masculino	MG	PTB	321	3215-5321	dep.erosbiondini@camara.gov.br	
178964	Titular	504	5830703	HEITOR JOSE SCHUCH	HEITOR SCHUCH	http://www.camara.gov.br/internet/deputado/bandep/178964.jpg	masculino	RS	PSB	277	3215-5277	dep.heitorschuch@camara.gov.br	
141372	Titular	224	5830322	AELTON JOSÉ DE FREITAS	AELTON FREITAS	http://www.camara.gov.br/internet/deputado/bandep/141372.jpg	masculino	MG	PR	204	3215-5204	dep.aeltonfreitas@camara.gov.br	
160636	Titular	139	5830752	JOSÉ WILSON SANTIAGO FILHO	WILSON FILHO	http://www.camara.gov.br/internet/deputado/bandep/160636.jpg	masculino	PB	PTB	534	3215-5534	dep.wilsonfilho@camara.gov.br	
152605	Titular	304	5830397	GLAUBER DE MEDEIROS BRAGA	GLAUBER BRAGA	http://www.camara.gov.br/internet/deputado/bandep/152605.jpg	masculino	RJ	PSOL	362	3215-5362	dep.glauberbraga@camara.gov.br	
74040	Titular	131	5830769	BENJAMIN GOMES MARANHÃO NETO	BENJAMIN MARANHÃO	http://www.camara.gov.br/internet/deputado/bandep/74040.jpg	masculino	PB	SD	458	3215-5458	dep.benjaminmaranhao@camara.gov.br	
92776	Titular	267	5830746	STEFANO AGUIAR DOS SANTOS	STEFANO AGUIAR	http://www.camara.gov.br/internet/deputado/bandep/92776.jpg	masculino	MG	PSB	341	3215-5341	dep.stefanoaguiar@camara.gov.br	
178943	Titular	321	5830328	MARCOS BEZERRA RIBEIRO SOARES	MARCOS SOARES	http://www.camara.gov.br/internet/deputado/bandep/178943.jpg	masculino	RJ	PR	741	3215-5741	dep.marcossoares@camara.gov.br	
160651	Titular	483	5830697	ROGÉRIO MENDONÇA	ROGÉRIO PENINHA MENDONÇA	http://www.camara.gov.br/internet/deputado/bandep/160651.jpg	masculino	SC	PMDB	656	3215-5656	dep.rogeriopeninhamendonca@camara.gov.br	
160613	Titular	58	5830795	SEBASTIÃO SIBÁ MACHADO OLIVEIRA	SIBÁ MACHADO	http://www.camara.gov.br/internet/deputado/bandep/160613.jpg	masculino	AC	PT	421	3215-5421	dep.sibamachado@camara.gov.br	
178827	Titular	282	5830483	MAX FREITAS MAURO FILHO	MAX FILHO	http://www.camara.gov.br/internet/deputado/bandep/178827.jpg	masculino	ES	PSDB	276	3215-5276	dep.maxfilho@camara.gov.br	
178901	Titular	437	5830732	TEREZA CRISTINA CORREA DA COSTA DIAS	TEREZA CRISTINA	http://www.camara.gov.br/internet/deputado/bandep/178901.jpg	feminino	MS	PSB	448	3215-5448	dep.terezacristina@camara.gov.br	
178883	Titular	73	5830448	ELIZIANE PEREIRA GAMA FERREIRA	ELIZIANE GAMA	http://www.camara.gov.br/internet/deputado/bandep/178883.jpg	feminino	MA	REDE	205	3215-5205	dep.elizianegama@camara.gov.br	
178923	Titular	163	5830626	JOSE CAVALCANTI ALVES JUNIOR	ZECA CAVALCANTI	http://www.camara.gov.br/internet/deputado/bandep/178923.jpg	masculino	PE	PTB	318	3215-5318	dep.zecacavalcanti@camara.gov.br	
74762	Titular	265	5830577	JOSÉ SARAIVA FELIPE	SARAIVA FELIPE	http://www.camara.gov.br/internet/deputado/bandep/74762.jpg	masculino	MG	PMDB	429	3215-5429	dep.saraivafelipe@camara.gov.br	
178829	Titular	346	5830434	JOSE AUGUSTO ROSA	CAPITÃO AUGUSTO	http://www.camara.gov.br/internet/deputado/bandep/178829.jpg	masculino	SP	PR	273	3215-5273	dep.capitaoaugusto@camara.gov.br	
74554	Titular	203	5830789	JOSÉ ALVES ROCHA	JOSÉ ROCHA	http://www.camara.gov.br/internet/deputado/bandep/74554.jpg	masculino	BA	PR	908	3215-5908	dep.joserocha@camara.gov.br	
178860	Titular	215	5830391	PAULO VELLOSO DANTAS AZI	PAULO AZI	http://www.camara.gov.br/internet/deputado/bandep/178860.jpg	masculino	BA	DEM	635	3215-5635	dep.pauloazi@camara.gov.br	
178869	Titular	108	5830640	VITOR PEREIRA VALIM	VITOR VALIM	http://www.camara.gov.br/internet/deputado/bandep/178869.jpg	masculino	CE	PMDB	545	3215-5545	dep.vitorvalim@camara.gov.br	
73891	Titular	491	5830385	DARCÍSIO PAULO PERONDI	DARCÍSIO PERONDI	http://www.camara.gov.br/internet/deputado/bandep/73891.jpg	masculino	RS	PMDB	518	3215-5518	dep.darcisioperondi@camara.gov.br	
178944	Titular	324	5830540	ROBERTO DA SILVA SALES	ROBERTO SALES	http://www.camara.gov.br/internet/deputado/bandep/178944.jpg	masculino	RJ	PRB	332	3215-5332	dep.robertosales@camara.gov.br	
74376	Titular	438	5830534	VANDER LUIZ DOS SANTOS LOUBET	VANDER LOUBET	http://www.camara.gov.br/internet/deputado/bandep/74376.jpg	masculino	MS	PT	838	3215-5838	dep.vanderloubet@camara.gov.br	
160620	Titular	326	5830491	WASHINGTON REIS DE OLIVEIRA	WASHINGTON REIS	http://www.camara.gov.br/internet/deputado/bandep/160620.jpg	masculino	RJ	PMDB	856	3215-5856	dep.washingtonreis@camara.gov.br	
160639	Titular	67	5830683	MARIA AUXILIADORA SEABRA REZENDE	PROFESSORA DORINHA SEABRA REZENDE	http://www.camara.gov.br/internet/deputado/bandep/160639.jpg	feminino	TO	DEM	432	3215-5432	dep.professoradorinhaseabrarezende@camara.gov.br	
160536	Titular	478	5830440	MARCO ANTONIO TEBALDI	MARCO TEBALDI	http://www.camara.gov.br/internet/deputado/bandep/160536.jpg	masculino	SC	PSDB	284	3215-5284	dep.marcotebaldi@camara.gov.br	
73808	Titular	213	5830291	SÉRGIO LUÍS LACERDA BRITO	SÉRGIO BRITO	http://www.camara.gov.br/internet/deputado/bandep/73808.jpg	masculino	BA	PSD	638	3215-5638	dep.sergiobrito@camara.gov.br	
105112	Titular	14	5830572	LUIZ GIONILSON PINHEIRO BORGES	CABUÇU BORGES	http://www.camara.gov.br/internet/deputado/bandep/105112.jpg	masculino	AP	PMDB	380	3215-5380	dep.cabucuborges@camara.gov.br	
178900	Titular	433	5830595	CARLOS EDUARDO XAVIER MARUN	CARLOS MARUN	http://www.camara.gov.br/internet/deputado/bandep/178900.jpg	masculino	MS	PMDB	372	3215-5372	dep.carlosmarun@camara.gov.br	
178844	Titular	172	5830787	PEDRO TORRES BRANDÃO VILELA	PEDRO VILELA	http://www.camara.gov.br/internet/deputado/bandep/178844.jpg	masculino	AL	PSDB	705	3215-5705	dep.pedrovilela@camara.gov.br	
74050	Titular	168	5830618	MAURÍCIO QUINTELLA MALTA LESSA	MAURÍCIO QUINTELLA LESSA	http://www.camara.gov.br/internet/deputado/bandep/74050.jpg	masculino	AL	PR	425	3215-5425	dep.mauricioquintellalessa@camara.gov.br	
141408	Titular	70	5830455	CLEBER VERDE CORDEIRO MENDES	CLEBER VERDE	http://www.camara.gov.br/internet/deputado/bandep/141408.jpg	masculino	MA	PRB	710	3215-5710	dep.cleberverde@camara.gov.br	
4930	Titular	160	5830641	SÍLVIO SERAFIM COSTA	SILVIO COSTA	http://www.camara.gov.br/internet/deputado/bandep/4930.jpg	masculino	PE	PSC	417	3215-5417	dep.silviocosta@camara.gov.br	
178885	Titular	78	5830432	ANTONIO DA CRUZ FILGUEIRA JUNIOR	JUNIOR MARRECA	http://www.camara.gov.br/internet/deputado/bandep/178885.jpg	masculino	MA	PEN	537	3215-5537	dep.juniormarreca@camara.gov.br	
74428	Titular	154	5830764	JOSÉ MENDONÇA BEZERRA FILHO	MENDONÇA FILHO	http://www.camara.gov.br/internet/deputado/bandep/74428.jpg	masculino	PE	DEM	314	3215-5314	dep.mendoncafilho@camara.gov.br	
160643	Titular	278	5830309	JORGE SILVA	DR. JORGE SILVA	http://www.camara.gov.br/internet/deputado/bandep/160643.jpg	masculino	ES	PROS	227	3215-5227	dep.dr.jorgesilva@camara.gov.br	
141553	Titular	394	5830332	VANDERLEI MACRIS	VANDERLEI MACRIS	http://www.camara.gov.br/internet/deputado/bandep/141553.jpg	masculino	SP	PSDB	348	3215-5348	dep.vanderleimacris@camara.gov.br	
178839	Titular	56	5830403	JESSICA ROJAS SALES	JÉSSICA SALES	http://www.camara.gov.br/internet/deputado/bandep/178839.jpg	feminino	AC	PMDB	952	3215-5952	dep.jessicasales@camara.gov.br	
74535	Titular	190	5830741	BENITO DA GAMA SANTOS	BENITO GAMA	http://www.camara.gov.br/internet/deputado/bandep/74535.jpg	masculino	BA	PTB	414	3215-5414	dep.benitogama@camara.gov.br	
160518	Titular	270	5830380	WELITON FERNANDES PRADO	WELITON PRADO	http://www.camara.gov.br/internet/deputado/bandep/160518.jpg	masculino	MG	PMB	862	3215-5862	dep.welitonprado@camara.gov.br	
74445	Titular	75	5830718	JOÃO CASTELO RIBEIRO GONÇALVES	JOÃO CASTELO	http://www.camara.gov.br/internet/deputado/bandep/74445.jpg	masculino	MA	PSDB	324	3215-5324	dep.joaocastelo@camara.gov.br	
178999	Titular	223	5830695	BRUNIELE FERREIRA GOMES	BRUNNY	http://www.camara.gov.br/internet/deputado/bandep/178999.jpg	feminino	MG	PTC	260	3215-5260	dep.brunny@camara.gov.br	
4931	Titular	408	5830526	IZALCI LUCAS FERREIRA	IZALCI	http://www.camara.gov.br/internet/deputado/bandep/4931.jpg	masculino	DF	PSDB	602	3215-5602	dep.izalci@camara.gov.br	
74399	Titular	510	5830449	ONYX DORNELLES LORENZONI	ONYX LORENZONI	http://www.camara.gov.br/internet/deputado/bandep/74399.jpg	masculino	RS	DEM	828	3215-5828	dep.onyxlorenzoni@camara.gov.br	
178929	Titular	447	5830672	DIEGO ALEXSANDER GONCALO PAULA GARCIA	DIEGO GARCIA	http://www.camara.gov.br/internet/deputado/bandep/178929.jpg	masculino	PR	PHS	745	3215-5745	dep.diegogarcia@camara.gov.br	
74216	Titular	102	5830549	RAIMUNDO GOMES DE MATOS	RAIMUNDO GOMES DE MATOS	http://www.camara.gov.br/internet/deputado/bandep/74216.jpg	masculino	CE	PSDB	725	3215-5725	dep.raimundogomesdematos@camara.gov.br	
73458	Titular	445	5830426	ALEX CANZIANI SILVEIRA	ALEX CANZIANI	http://www.camara.gov.br/internet/deputado/bandep/73458.jpg	masculino	PR	PTB	842	3215-5842	dep.alexcanziani@camara.gov.br	
74041	Titular	133	5830317	LUIZ ALBUQUERQUE COUTO	LUIZ COUTO	http://www.camara.gov.br/internet/deputado/bandep/74041.jpg	masculino	PB	PT	442	3215-5442	dep.luizcouto@camara.gov.br	
73579	Titular	410	5830472	JOÃO ALBERTO FRAGA SILVA	ALBERTO FRAGA	http://www.camara.gov.br/internet/deputado/bandep/73579.jpg	masculino	DF	DEM	511	3215-5511	dep.albertofraga@camara.gov.br	
178842	Titular	167	5830555	JOAO HENRIQUE HOLANDA  CALDAS	JHC	http://www.camara.gov.br/internet/deputado/bandep/178842.jpg	masculino	AL	PSB	958	3215-5958	dep.jhc@camara.gov.br	
73931	Titular	25	5830518	JOSÉ GERALDO TORRES DA SILVA	ZÉ GERALDO	http://www.camara.gov.br/internet/deputado/bandep/73931.jpg	masculino	PA	PT	266	3215-5266	dep.zegeraldo@camara.gov.br	
178877	Titular	426	5830415	FABIO FERNANDES DE SOUSA	FÁBIO SOUSA	http://www.camara.gov.br/internet/deputado/bandep/178877.jpg	masculino	GO	PSDB	271	3215-5271	dep.fabiosousa@camara.gov.br	
178939	Titular	294	5830658	CLARISSA BARROS ASSED MATHEUS DE OLIVEIRA	CLARISSA GAROTINHO	http://www.camara.gov.br/internet/deputado/bandep/178939.jpg	feminino	RJ	PR	714	3215-5714	dep.clarissagarotinho@camara.gov.br	
74291	Titular	90	5830664	JOSÉ ARNON CRUZ BEZERRA DE MENEZES	ARNON BEZERRA	http://www.camara.gov.br/internet/deputado/bandep/74291.jpg	masculino	CE	PTB	413	3215-5413	dep.arnonbezerra@camara.gov.br	
141490	Titular	130	5830509	MANOEL ALVES DA SILVA JUNIOR	MANOEL JUNIOR	http://www.camara.gov.br/internet/deputado/bandep/141490.jpg	masculino	PB	PMDB	601	3215-5601	dep.manoeljunior@camara.gov.br	
178893	Titular	229	5830363	EDSON MOREIRA DA SILVA	DELEGADO EDSON MOREIRA	http://www.camara.gov.br/internet/deputado/bandep/178893.jpg	masculino	MG	PTN	933	3215-5933	dep.delegadoedsonmoreira@camara.gov.br	
160573	Titular	455	5830612	JOÃO JOSÉ DE ARRUDA JÚNIOR	JOÃO ARRUDA	http://www.camara.gov.br/internet/deputado/bandep/160573.jpg	masculino	PR	PMDB	633	3215-5633	dep.joaoarruda@camara.gov.br	
141535	Titular	124	5830463	ROGÉRIO SIMONETTI MARINHO	ROGÉRIO MARINHO	http://www.camara.gov.br/internet/deputado/bandep/141535.jpg	masculino	RN	PSDB	446	3215-5446	dep.rogeriomarinho@camara.gov.br	
178918	Titular	151	5830758	KAIO CESAR DE MOURA MANICOBA NOVAES FERRAZ	KAIO MANIÇOBA	http://www.camara.gov.br/internet/deputado/bandep/178918.jpg	masculino	PE	PHS	525	3215-5525	dep.kaiomanicoba@camara.gov.br	
131943	Titular	147	5830323	Jarbas de Andrade Vasconcelos	JARBAS VASCONCELOS	http://www.camara.gov.br/internet/deputado/bandep/131943.jpg	masculino	PE	PMDB	304	3215-5304	dep.jarbasvasconcelos@camara.gov.br	
160538	Titular	499	5830655	ELVINO JOSÉ BOHN GASS	BOHN GASS	http://www.camara.gov.br/internet/deputado/bandep/160538.jpg	masculino	RS	PT	469	3215-5469	dep.bohngass@camara.gov.br	
74395	Titular	501	5830798	JOSÉ OTÁVIO GERMANO	JOSÉ OTÁVIO GERMANO	http://www.camara.gov.br/internet/deputado/bandep/74395.jpg	masculino	RS	PP	424	3215-5424	dep.joseotaviogermano@camara.gov.br	
74398	Titular	508	5830300	MARIA DO ROSÁRIO NUNES	MARIA DO ROSÁRIO	http://www.camara.gov.br/internet/deputado/bandep/74398.jpg	feminino	RS	PT	312	3215-5312	dep.mariadorosario@camara.gov.br	
141482	Titular	255	5830466	LEONARDO LEMOS BARROS QUINTÃO	LEONARDO QUINTÃO	http://www.camara.gov.br/internet/deputado/bandep/141482.jpg	masculino	MG	PMDB	914	3215-5914	dep.leonardoquintao@camara.gov.br	
73560	Titular	391	5830704	SILVIO FRANÇA TORRES	SILVIO TORRES	http://www.camara.gov.br/internet/deputado/bandep/73560.jpg	masculino	SP	PSDB	404	3215-5404	dep.silviotorres@camara.gov.br	
178896	Titular	247	5830372	NEWTON CARDOSO JUNIOR	NEWTON CARDOSO JR	http://www.camara.gov.br/internet/deputado/bandep/178896.jpg	masculino	MG	PMDB	932	3215-5932	dep.newtoncardosojr@camara.gov.br	
160666	Titular	195	5830443	FELIX DE ALMEIDA MENDONÇA JÚNIOR	FÉLIX MENDONÇA JÚNIOR	http://www.camara.gov.br/internet/deputado/bandep/160666.jpg	masculino	BA	PDT	912	3215-5912	dep.felixmendoncajunior@camara.gov.br	
178848	Titular	41	5830629	MARIA DA CONCEICAO SAMPAIO MOURA	CONCEIÇÃO SAMPAIO	http://www.camara.gov.br/internet/deputado/bandep/178848.jpg	feminino	AM	PP	515	3215-5515	dep.conceicaosampaio@camara.gov.br	
178879	Titular	430	5830727	LUCAS DE CASTRO SANTOS	LUCAS VERGILIO	http://www.camara.gov.br/internet/deputado/bandep/178879.jpg	masculino	GO	SD	816	3215-5816	dep.lucasvergilio@camara.gov.br	
141431	Titular	158	5830678	FERNANDO BEZERRA DE SOUZA COELHO FILHO	FERNANDO COELHO FILHO	http://www.camara.gov.br/internet/deputado/bandep/141431.jpg	masculino	PE	PSB	662	3215-5662	dep.fernandocoelhofilho@camara.gov.br	
178833	Titular	284	5830747	ALEXANDRE AUGUSTUS SERFIOTIS	ALEXANDRE SERFIOTIS	http://www.camara.gov.br/internet/deputado/bandep/178833.jpg	masculino	RJ	PSD	554	3215-5554	dep.alexandreserfiotis@camara.gov.br	
141428	Titular	119	5830349	FÁBIO SALUSTINO MESQUITA DE FARIA	FÁBIO FARIA	http://www.camara.gov.br/internet/deputado/bandep/141428.jpg	masculino	RN	PSD	706	3215-5706	dep.fabiofaria@camara.gov.br	
178838	Titular	55	5830698	CARLOS CESAR CORREIA DE MESSIAS	CÉSAR MESSIAS	http://www.camara.gov.br/internet/deputado/bandep/178838.jpg	masculino	AC	PSB	956	3215-5956	dep.cesarmessias@camara.gov.br	
74847	Titular	302	5830721	JAIR MESSIAS BOLSONARO	JAIR BOLSONARO	http://www.camara.gov.br/internet/deputado/bandep/74847.jpg	masculino	RJ	PP	482	3215-5482	dep.jairbolsonaro@camara.gov.br	
74558	Titular	166	5830400	GIVALDO DE SÁ GOUVEIA	GIVALDO CARIMBÃO	http://www.camara.gov.br/internet/deputado/bandep/74558.jpg	masculino	AL	PROS	732	3215-5732	dep.givaldocarimbao@camara.gov.br	
160667	Titular	348	5830578	GUILHERME MUSSI FERREIRA	GUILHERME MUSSI	http://www.camara.gov.br/internet/deputado/bandep/160667.jpg	masculino	SP	PP	712	3215-5712	dep.guilhermemussi@camara.gov.br	
160511	Titular	287	5830329	ALESSANDRO LUCCIOLA MOLON	ALESSANDRO MOLON	http://www.camara.gov.br/internet/deputado/bandep/160511.jpg	masculino	RJ	REDE	652	3215-5652	dep.alessandromolon@camara.gov.br	
178955	Titular	48	5830435	LUIZ CLAUDIO PEREIRA ALVES	LUIZ CLÁUDIO	http://www.camara.gov.br/internet/deputado/bandep/178955.jpg	masculino	RO	PR	643	3215-5643	dep.luizclaudio@camara.gov.br	
178977	Titular	353	5830529	EDUARDO PEDROSA CURY	EDUARDO CURY	http://www.camara.gov.br/internet/deputado/bandep/178977.jpg	masculino	SP	PSDB	368	3215-5368	dep.eduardocury@camara.gov.br	
73441	Titular	347	5830790	CELSO UBIRAJARA RUSSOMANNO	CELSO RUSSOMANNO	http://www.camara.gov.br/internet/deputado/bandep/73441.jpg	masculino	SP	PRB	960	3215-5960	dep.celsorussomanno@camara.gov.br	
160598	Titular	422	5830778	FLÁVIA CARREIRO ALBUQUERQUE MORAIS	FLÁVIA MORAIS	http://www.camara.gov.br/internet/deputado/bandep/160598.jpg	feminino	GO	PDT	738	3215-5738	dep.flaviamorais@camara.gov.br	
74574	Titular	214	5830592	PAULO SÉRGIO PARANHOS DE MAGALHÃES	PAULO MAGALHÃES	http://www.camara.gov.br/internet/deputado/bandep/74574.jpg	masculino	BA	PSD	903	3215-5903	dep.paulomagalhaes@camara.gov.br	
166402	Titular	431	5830735	MAGDA MOFATTO HON	MAGDA MOFATTO	http://www.camara.gov.br/internet/deputado/bandep/166402.jpg	feminino	GO	PR	934	3215-5934	dep.magdamofatto@camara.gov.br	
178853	Titular	196	5830486	LUIZ CARLOS CAETANO	CAETANO	http://www.camara.gov.br/internet/deputado/bandep/178853.jpg	masculino	BA	PT	415	3215-5415	dep.caetano@camara.gov.br	
178949	Titular	126	5830392	ZENAIDE MAIA CALADO PEREIRA DOS SANTOS	ZENAIDE MAIA	http://www.camara.gov.br/internet/deputado/bandep/178949.jpg	feminino	RN	PR	439	3215-5439	dep.zenaidemaia@camara.gov.br	
74378	Titular	443	5830386	ASSIS MIGUEL DO COUTO	ASSIS DO COUTO	http://www.camara.gov.br/internet/deputado/bandep/74378.jpg	masculino	PR	PT	428	3215-5428	dep.assisdocouto@camara.gov.br	
160674	Titular	132	5830343	HUGO MOTTA WANDERLEY DA NÓBREGA	HUGO MOTTA	http://www.camara.gov.br/internet/deputado/bandep/160674.jpg	masculino	PB	PMDB	237	3215-5237	dep.hugomotta@camara.gov.br	
178871	Titular	274	5830535	EVAIR VIEIRA DE MELO	EVAIR DE MELO	http://www.camara.gov.br/internet/deputado/bandep/178871.jpg	masculino	ES	PV	443	3215-5443	dep.evairdemelo@camara.gov.br	
74862	Titular	317	5830684	MIRO TEIXEIRA	MIRO TEIXEIRA	http://www.camara.gov.br/internet/deputado/bandep/74862.jpg	masculino	RJ	REDE	270	3215-5270	dep.miroteixeira@camara.gov.br	
141488	Titular	376	5830635	LUIZ PAULO TEIXEIRA FERREIRA	PAULO TEIXEIRA	http://www.camara.gov.br/internet/deputado/bandep/141488.jpg	masculino	SP	PT	281	3215-5281	dep.pauloteixeira@camara.gov.br	
74010	Titular	489	5830406	VALDIR COLATTO	VALDIR COLATTO	http://www.camara.gov.br/internet/deputado/bandep/74010.jpg	masculino	SC	PMDB	516	3215-5516	dep.valdircolatto@camara.gov.br	
178976	Titular	343	5830738	BRUNO COVAS LOPES	BRUNO COVAS	http://www.camara.gov.br/internet/deputado/bandep/178976.jpg	masculino	SP	PSDB	521	3215-5521	dep.brunocovas@camara.gov.br	
178940	Titular	299	5830429	JOAO FERREIRA NETO	DR. JOÃO	http://www.camara.gov.br/internet/deputado/bandep/178940.jpg	masculino	RJ	PR	911	3215-5911	dep.dr.joao@camara.gov.br	
178889	Titular	86	5830644	JOSÉ CARLOS NUNES JÚNIOR	ZÉ CARLOS	http://www.camara.gov.br/internet/deputado/bandep/178889.jpg	masculino	MA	PT	748	3215-5748	dep.zecarlos@camara.gov.br	
73433	Titular	336	5830761	ARLINDO CHIGNALIA JUNIOR	ARLINDO CHINAGLIA	http://www.camara.gov.br/internet/deputado/bandep/73433.jpg	masculino	SP	PT	4	3215-5966	dep.arlindochinaglia@camara.gov.br	
178984	Titular	377	5830360	MIGUEL MOUBADDA HADDAD	MIGUEL HADDAD	http://www.camara.gov.br/internet/deputado/bandep/178984.jpg	masculino	SP	PSDB	369	3215-5369	dep.miguelhaddad@camara.gov.br	
144523	Titular	420	5830692	DANIEL ELIAS CARVALHO VILELA	DANIEL VILELA	http://www.camara.gov.br/internet/deputado/bandep/144523.jpg	masculino	GO	PMDB	471	3215-5471	dep.danielvilela@camara.gov.br	
160575	Titular	407	5830715	ÉRIKA JUCÁ KOKAY	ERIKA KOKAY	http://www.camara.gov.br/internet/deputado/bandep/160575.jpg	feminino	DF	PT	203	3215-5203	dep.erikakokay@camara.gov.br	
160646	Titular	450	5830383	FERNANDO DESTITO FRANCISCHINI	FERNANDO FRANCISCHINI	http://www.camara.gov.br/internet/deputado/bandep/160646.jpg	masculino	PR	SD	265	3215-5265	dep.fernandofrancischini@camara.gov.br	
178908	Titular	22	5830498	EDER MAURO CARDOSO BARRA	DELEGADO ÉDER MAURO	http://www.camara.gov.br/internet/deputado/bandep/178908.jpg	masculino	PA	PSD	586	32155586	dep.delegadoedermauro@camara.gov.br	
178969	Titular	177	5830569	FABIO CRUZ MITIDIERI	FÁBIO MITIDIERI	http://www.camara.gov.br/internet/deputado/bandep/178969.jpg	masculino	SE	PSD	286	3215-5286	dep.fabiomitidieri@camara.gov.br	
74419	Titular	143	5830575	LUIZ GONZAGA PATRIOTA	GONZAGA PATRIOTA	http://www.camara.gov.br/internet/deputado/bandep/74419.jpg	masculino	PE	PSB	430	3215-5430	dep.gonzagapatriota@camara.gov.br	
178935	Titular	464	5830546	VALDIR LUIZ ROSSONI	ROSSONI	http://www.camara.gov.br/internet/deputado/bandep/178935.jpg	masculino	PR	PSDB	513	3215-5513	dep.rossoni@camara.gov.br	
141427	Titular	238	5830552	FÁBIO AUGUSTO RAMALHO DOS SANTOS	FÁBIO RAMALHO	http://www.camara.gov.br/internet/deputado/bandep/141427.jpg	masculino	MG	PV	452	3215-5452	dep.fabioramalho@camara.gov.br	
160572	Titular	150	5830621	JORGE WICKS CÔRTE REAL	JORGE CÔRTE REAL	http://www.camara.gov.br/internet/deputado/bandep/160572.jpg	masculino	PE	PTB	621	3215-5621	dep.jorgecortereal@camara.gov.br	
160654	Titular	262	5830452	RENZO DO AMARAL BRAZ	RENZO BRAZ	http://www.camara.gov.br/internet/deputado/bandep/160654.jpg	masculino	MG	PP	736	3215-5736	dep.renzobraz@camara.gov.br	
74275	Titular	367	5830475	JOSÉ MENTOR GUILHERME DE MELLO NETTO	JOSÉ MENTOR	http://www.camara.gov.br/internet/deputado/bandep/74275.jpg	masculino	SP	PT	502	3215-5502	dep.josementor@camara.gov.br	
141485	Titular	488	5830598	LUIZ CARLOS GHIORZZI BUSATO	LUIZ CARLOS BUSATO	http://www.camara.gov.br/internet/deputado/bandep/141485.jpg	masculino	RS	PTB	570	3215-5570	dep.luizcarlosbusato@camara.gov.br	
178965	Titular	514	5830412	JOAO DERLY DE OLIVEIRA NUNES JUNIOR	JOÃO DERLY	http://www.camara.gov.br/internet/deputado/bandep/178965.jpg	masculino	RS	REDE	901	3215-5901	dep.joaoderly@camara.gov.br	
74650	Titular	222	5830755	BONIFÁCIO JOSÉ TAMM DE ANDRADA	BONIFÁCIO DE ANDRADA	http://www.camara.gov.br/internet/deputado/bandep/74650.jpg	masculino	MG	PSDB	208	3215-5208	dep.bonifaciodeandrada@camara.gov.br	
178887	Titular	81	5830306	RUBENS PEREIRA E SILVA JUNIOR	RUBENS PEREIRA JÚNIOR	http://www.camara.gov.br/internet/deputado/bandep/178887.jpg	masculino	MA	PCdoB	574	3215-5574	dep.rubenspereirajunior@camara.gov.br	
178862	Titular	217	5830767	ERONILDES VASCONCELOS CARVALHO	TIA ERON	http://www.camara.gov.br/internet/deputado/bandep/178862.jpg	feminino	BA	PRB	618	3215-5618	dep.tiaeron@camara.gov.br	
73772	Titular	448	5830423	HERMES PARCIANELLO	HERMES PARCIANELLO	http://www.camara.gov.br/internet/deputado/bandep/73772.jpg	masculino	PR	PMDB	234	3215-5234	dep.hermesparcianello@camara.gov.br	
74749	Titular	252	5830615	MAURO RIBEIRO LOPES	MAURO LOPES	http://www.camara.gov.br/internet/deputado/bandep/74749.jpg	masculino	MG	PMDB	844	3215-5844	dep.maurolopes@camara.gov.br	
141562	Titular	277	5830469	WELINGTON COIMBRA	LELO COIMBRA	http://www.camara.gov.br/internet/deputado/bandep/141562.jpg	masculino	ES	PMDB	801	3215-5801	dep.lelocoimbra@camara.gov.br	
178858	Titular	208	5830558	MARIO SILVIO MENDES NEGROMONTE JUNIOR	MÁRIO NEGROMONTE JR.	http://www.camara.gov.br/internet/deputado/bandep/178858.jpg	masculino	BA	PP	517	3215-5517	dep.marionegromontejr@camara.gov.br	
187008	Suplente	545	5830836	SILAS FREIRE PEREIRA E SILVA	SILAS FREIRE	http://www.camara.gov.br/internet/deputado/bandep/187008.jpg	masculino	PI	PR	484	3215-5484	dep.silasfreire@camara.gov.br	
129618	Titular	100	5830366	MARIA GORETE PEREIRA	GORETE PEREIRA	http://www.camara.gov.br/internet/deputado/bandep/129618.jpg	feminino	CE	PR	206	3215-5206	dep.goretepereira@camara.gov.br	
160660	Suplente	522	5830805	MARCELO THEODORO DE AGUIAR	MARCELO AGUIAR	http://www.camara.gov.br/internet/deputado/bandep/160660.jpg	masculino	SP	DEM	367	3215-5367	dep.marceloaguiar@camara.gov.br	
181316	Suplente	538	5830829	ELIZEU DIONIZIO SOUZA  DA SILVA	ELIZEU DIONIZIO	http://www.camara.gov.br/internet/deputado/bandep/181316.jpg	masculino	MS	PSDB	531	3215-5531	dep.elizeudionizio@camara.gov.br	
